BEGIN;
CREATE TABLE IF NOT EXISTS django_migrations (id INT AUTO_INCREMENT NOT NULL PRIMARY KEY, app VARCHAR(255) NOT NULL, name VARCHAR(255) NOT NULL, applied datetime NOT NULL);
INSERT INTO django_migrations VALUES(1,'contenttypes','0001_initial','2021-05-14 22:03:44.486896');
INSERT INTO django_migrations VALUES(2,'auth','0001_initial','2021-05-14 22:03:44.502424');
INSERT INTO django_migrations VALUES(3,'admin','0001_initial','2021-05-14 22:03:44.508209');
INSERT INTO django_migrations VALUES(4,'admin','0002_logentry_remove_auto_add','2021-05-14 22:03:44.515918');
INSERT INTO django_migrations VALUES(5,'admin','0003_logentry_add_action_flag_choices','2021-05-14 22:03:44.523108');
INSERT INTO django_migrations VALUES(6,'contenttypes','0002_remove_content_type_name','2021-05-14 22:03:44.534641');
INSERT INTO django_migrations VALUES(7,'auth','0002_alter_permission_name_max_length','2021-05-14 22:03:44.538900');
INSERT INTO django_migrations VALUES(8,'auth','0003_alter_user_email_max_length','2021-05-14 22:03:44.545525');
INSERT INTO django_migrations VALUES(9,'auth','0004_alter_user_username_opts','2021-05-14 22:03:44.551354');
INSERT INTO django_migrations VALUES(10,'auth','0005_alter_user_last_login_null','2021-05-14 22:03:44.557002');
INSERT INTO django_migrations VALUES(11,'auth','0006_require_contenttypes_0002','2021-05-14 22:03:44.557782');
INSERT INTO django_migrations VALUES(12,'auth','0007_alter_validators_add_error_messages','2021-05-14 22:03:44.564603');
INSERT INTO django_migrations VALUES(13,'auth','0008_alter_user_username_max_length','2021-05-14 22:03:44.570695');
INSERT INTO django_migrations VALUES(14,'auth','0009_alter_user_last_name_max_length','2021-05-14 22:03:44.576505');
INSERT INTO django_migrations VALUES(15,'auth','0010_alter_group_name_max_length','2021-05-14 22:03:44.581623');
INSERT INTO django_migrations VALUES(16,'auth','0011_update_proxy_permissions','2021-05-14 22:03:44.586126');
INSERT INTO django_migrations VALUES(17,'onlineshop','0001_initial','2021-05-14 22:03:44.591852');
INSERT INTO django_migrations VALUES(18,'sessions','0001_initial','2021-05-14 22:03:44.594691');
INSERT INTO django_migrations VALUES(19,'onlineshop','0002_auto_20210515_1553','2021-05-15 15:53:38.732162');
INSERT INTO django_migrations VALUES(20,'onlineshop','0003_produit_available','2021-05-16 14:03:09.535585');
INSERT INTO django_migrations VALUES(21,'order','0001_initial','2021-05-21 21:49:13.765189');
INSERT INTO django_migrations VALUES(22,'order','0002_cart','2021-05-23 12:12:42.304111');
INSERT INTO django_migrations VALUES(23,'order','0003_auto_20210523_1221','2021-05-23 12:21:21.401742');
INSERT INTO django_migrations VALUES(24,'auth','0012_alter_user_first_name_max_length','2021-05-25 19:32:03.557716');
INSERT INTO django_migrations VALUES(25,'onlineshop','0004_auto_20210525_1931','2021-05-25 19:32:03.596644');
INSERT INTO django_migrations VALUES(26,'order','0004_auto_20210525_1931','2021-05-25 19:32:03.627910');
INSERT INTO django_migrations VALUES(27,'order','0002_auto_20210528_1327','2021-05-28 13:27:57.820525');
INSERT INTO django_migrations VALUES(28,'order','0002_alter_client_user','2021-06-01 10:19:25.255928');
INSERT INTO django_migrations VALUES(29,'order','0003_commande_date_update','2021-06-01 14:27:04.632965');
INSERT INTO django_migrations VALUES(30,'onlineshop','0002_auto_20210602_1759','2021-06-02 17:59:32.840647');
INSERT INTO django_migrations VALUES(31,'order','0004_auto_20210602_1759','2021-06-02 17:59:32.878950');
INSERT INTO django_migrations VALUES(32,'order','0005_commande_tva','2021-06-02 19:44:27.697337');
INSERT INTO django_migrations VALUES(33,'order','0006_auto_20210602_2133','2021-06-02 21:33:33.558149');
CREATE TABLE IF NOT EXISTS auth_group_permissions (id INT NOT NULL PRIMARY KEY AUTO_INCREMENT, group_id INT NOT NULL REFERENCES auth_group (id)ON DELETE CASCADE, permission_id INT NOT NULL REFERENCES auth_permission (id)ON DELETE CASCADE);
INSERT INTO auth_group_permissions VALUES(1,1,1);
INSERT INTO auth_group_permissions VALUES(2,1,2);
INSERT INTO auth_group_permissions VALUES(3,1,3);
INSERT INTO auth_group_permissions VALUES(4,1,4);
INSERT INTO auth_group_permissions VALUES(5,1,5);
INSERT INTO auth_group_permissions VALUES(6,1,6);
INSERT INTO auth_group_permissions VALUES(7,1,7);
INSERT INTO auth_group_permissions VALUES(8,1,8);
INSERT INTO auth_group_permissions VALUES(9,1,9);
INSERT INTO auth_group_permissions VALUES(10,1,10);
INSERT INTO auth_group_permissions VALUES(11,1,11);
INSERT INTO auth_group_permissions VALUES(12,1,12);
INSERT INTO auth_group_permissions VALUES(13,1,13);
INSERT INTO auth_group_permissions VALUES(14,1,14);
INSERT INTO auth_group_permissions VALUES(15,1,15);
INSERT INTO auth_group_permissions VALUES(16,1,16);
INSERT INTO auth_group_permissions VALUES(17,1,17);
INSERT INTO auth_group_permissions VALUES(18,1,18);
INSERT INTO auth_group_permissions VALUES(19,1,19);
INSERT INTO auth_group_permissions VALUES(20,1,20);
INSERT INTO auth_group_permissions VALUES(21,1,21);
INSERT INTO auth_group_permissions VALUES(22,1,22);
INSERT INTO auth_group_permissions VALUES(23,1,23);
INSERT INTO auth_group_permissions VALUES(24,1,24);
INSERT INTO auth_group_permissions VALUES(25,1,25);
INSERT INTO auth_group_permissions VALUES(26,1,26);
INSERT INTO auth_group_permissions VALUES(27,1,27);
INSERT INTO auth_group_permissions VALUES(28,1,28);
INSERT INTO auth_group_permissions VALUES(29,1,29);
INSERT INTO auth_group_permissions VALUES(30,1,30);
INSERT INTO auth_group_permissions VALUES(31,1,31);
INSERT INTO auth_group_permissions VALUES(32,1,32);
INSERT INTO auth_group_permissions VALUES(33,1,33);
INSERT INTO auth_group_permissions VALUES(34,1,34);
INSERT INTO auth_group_permissions VALUES(35,1,35);
INSERT INTO auth_group_permissions VALUES(36,1,36);
INSERT INTO auth_group_permissions VALUES(37,1,37);
INSERT INTO auth_group_permissions VALUES(38,1,38);
INSERT INTO auth_group_permissions VALUES(39,1,39);
INSERT INTO auth_group_permissions VALUES(40,1,40);
INSERT INTO auth_group_permissions VALUES(41,1,41);
INSERT INTO auth_group_permissions VALUES(42,1,42);
INSERT INTO auth_group_permissions VALUES(43,1,43);
INSERT INTO auth_group_permissions VALUES(44,1,44);
INSERT INTO auth_group_permissions VALUES(45,2,32);
INSERT INTO auth_group_permissions VALUES(46,2,36);
INSERT INTO auth_group_permissions VALUES(47,2,40);
INSERT INTO auth_group_permissions VALUES(48,2,44);
INSERT INTO auth_group_permissions VALUES(49,2,28);
INSERT INTO auth_group_permissions VALUES(50,1,45);
INSERT INTO auth_group_permissions VALUES(51,1,46);
INSERT INTO auth_group_permissions VALUES(52,1,47);
INSERT INTO auth_group_permissions VALUES(53,1,48);
INSERT INTO auth_group_permissions VALUES(54,1,49);
INSERT INTO auth_group_permissions VALUES(55,1,50);
INSERT INTO auth_group_permissions VALUES(56,1,51);
INSERT INTO auth_group_permissions VALUES(57,1,52);
INSERT INTO auth_group_permissions VALUES(58,1,53);
INSERT INTO auth_group_permissions VALUES(59,1,54);
INSERT INTO auth_group_permissions VALUES(60,1,55);
INSERT INTO auth_group_permissions VALUES(61,1,56);
INSERT INTO auth_group_permissions VALUES(62,1,57);
INSERT INTO auth_group_permissions VALUES(63,1,58);
INSERT INTO auth_group_permissions VALUES(64,1,59);
INSERT INTO auth_group_permissions VALUES(65,1,60);
CREATE TABLE IF NOT EXISTS auth_user_groups (id INT NOT NULL PRIMARY KEY AUTO_INCREMENT, user_id INT NOT NULL REFERENCES auth_user (id)ON DELETE CASCADE, group_id INT NOT NULL REFERENCES auth_group (id)ON DELETE CASCADE);
INSERT INTO auth_user_groups VALUES(1,2,2);
CREATE TABLE IF NOT EXISTS auth_user_user_permissions (id INT NOT NULL PRIMARY KEY AUTO_INCREMENT, user_id INT NOT NULL REFERENCES auth_user (id)ON DELETE CASCADE, permission_id INT NOT NULL REFERENCES auth_permission (id)ON DELETE CASCADE);
CREATE TABLE IF NOT EXISTS django_admin_log (id INT NOT NULL PRIMARY KEY AUTO_INCREMENT, action_time datetime NOT NULL, object_id text NULL, object_repr VARCHAR(200) NOT NULL, change_message text NOT NULL, content_type_id INT NULL REFERENCES django_content_type (id)ON DELETE CASCADE, user_id INT NOT NULL REFERENCES auth_user (id)ON DELETE CASCADE, action_flag smallint unsigned NOT NULL CHECK (action_flag >= 0));
INSERT INTO django_admin_log VALUES(1,'2021-05-14 22:27:33.801016','1','Test','[{'added': {}}]',9,1,1);
INSERT INTO django_admin_log VALUES(2,'2021-05-14 22:27:36.702325','1','Pêche-Alberge-Franc','[{'added': {}}]',11,1,1);
INSERT INTO django_admin_log VALUES(3,'2021-05-16 19:49:48.873214','288','Abricot−Bergeron−Myro','[{'changed': {'fields': ['Stock']}}]',11,1,2);
INSERT INTO django_admin_log VALUES(4,'2021-05-16 19:49:48.875160','286','Abricot−Bergeron−Rubira','[{'changed': {'fields': ['Stock']}}]',11,1,2);
INSERT INTO django_admin_log VALUES(5,'2021-05-16 19:49:48.876619','938','Cassis−Bigno−NA','[{'changed': {'fields': ['Stock']}}]',11,1,2);
INSERT INTO django_admin_log VALUES(6,'2021-05-16 19:49:48.877821','254','Cerise−Burlat−Colt','[{'changed': {'fields': ['Stock']}}]',11,1,2);
INSERT INTO django_admin_log VALUES(7,'2021-05-16 19:49:48.878971','274','Cerise−Moreau−Colt','[{'changed': {'fields': ['Stock']}}]',11,1,2);
INSERT INTO django_admin_log VALUES(8,'2021-05-16 19:49:48.880270','956','Poires−Alexandrine Douillard−CP','[{'changed': {'fields': ['Stock']}}]',11,1,2);
INSERT INTO django_admin_log VALUES(9,'2021-05-16 19:49:48.881382','223','Poires−Antricotin−Franc','[{'changed': {'fields': ['Stock']}}]',11,1,2);
INSERT INTO django_admin_log VALUES(10,'2021-05-16 19:50:25.447530','121','Poires−Fondante de la maître école−Franc','[{'changed': {'fields': ['Stock']}}]',11,1,2);
INSERT INTO django_admin_log VALUES(11,'2021-05-16 19:50:25.449182','240','Poires−Gros d−CP','[{'changed': {'fields': ['Stock']}}]',11,1,2);
INSERT INTO django_admin_log VALUES(12,'2021-05-16 19:50:25.450532','132','Poires−Jules Guyot−CP','[{'changed': {'fields': ['Stock']}}]',11,1,2);
INSERT INTO django_admin_log VALUES(13,'2021-05-16 19:53:33.833284','254','Cerise−Burlat−Colt','[{'changed': {'fields': ['Stock']}}]',11,1,2);
INSERT INTO django_admin_log VALUES(14,'2021-05-20 19:51:55.532477','115','Poires−Duc de nemours−Franc','',11,1,3);
INSERT INTO django_admin_log VALUES(15,'2021-05-20 19:55:23.612243','246','Nashi−Hosui−Franc','',11,1,3);
INSERT INTO django_admin_log VALUES(16,'2021-05-20 19:56:50.034779','55','Poires−Abbé Fetel−CP','',11,1,3);
INSERT INTO django_admin_log VALUES(17,'2021-05-20 19:56:50.037617','56','Poires−Abbé Fetel−Franc','',11,1,3);
INSERT INTO django_admin_log VALUES(18,'2021-05-20 19:56:50.039456','57','Poires−Alexandrine Douillard−CP','',11,1,3);
INSERT INTO django_admin_log VALUES(19,'2021-05-20 19:56:50.041080','58','Poires−Alexandrine Douillard−Franc','',11,1,3);
INSERT INTO django_admin_log VALUES(20,'2021-05-20 19:56:50.042713','222','Poires−Antricotin−CP','',11,1,3);
INSERT INTO django_admin_log VALUES(21,'2021-05-20 19:56:50.044092','223','Poires−Antricotin−Franc','',11,1,3);
INSERT INTO django_admin_log VALUES(22,'2021-05-20 19:56:50.044726','247','Poires−Arromatnaya−Franc','',11,1,3);
INSERT INTO django_admin_log VALUES(23,'2021-05-20 19:56:50.045270','59','Poires−Belle de Bruxelles−CP','',11,1,3);
INSERT INTO django_admin_log VALUES(24,'2021-05-20 19:57:25.209774','60','Poires−Belle de Bruxelles−Franc','',11,1,3);
INSERT INTO django_admin_log VALUES(25,'2021-05-20 19:57:25.212203','61','Poires−Belle fauve−CP','',11,1,3);
INSERT INTO django_admin_log VALUES(26,'2021-05-20 19:57:25.213826','62','Poires−Belle fauve−Franc','',11,1,3);
INSERT INTO django_admin_log VALUES(27,'2021-05-20 19:57:25.215266','64','Poires−Belle guérandaise−CP','',11,1,3);
INSERT INTO django_admin_log VALUES(28,'2021-05-20 19:59:13.155763','66','Poires−Bergamote esperen−CP','',11,1,3);
INSERT INTO django_admin_log VALUES(29,'2021-05-20 19:59:13.158103','67','Poires−Bergamote esperen−Franc','',11,1,3);
INSERT INTO django_admin_log VALUES(30,'2021-05-20 19:59:13.159315','82','Poires−Beurre Giffard−CP','',11,1,3);
INSERT INTO django_admin_log VALUES(31,'2021-05-20 19:59:13.160559','83','Poires−Beurre Giffard−Franc','',11,1,3);
INSERT INTO django_admin_log VALUES(32,'2021-05-20 19:59:13.161771','68','Poires−Beurré Clairgeau−CP','',11,1,3);
INSERT INTO django_admin_log VALUES(33,'2021-05-20 19:59:13.162876','69','Poires−Beurré Clairgeau−Franc','',11,1,3);
INSERT INTO django_admin_log VALUES(34,'2021-05-20 19:59:13.163959','86','Poires−Beurré Hardy−CP','',11,1,3);
INSERT INTO django_admin_log VALUES(35,'2021-05-20 19:59:13.165041','87','Poires−Beurré Hardy−Franc','',11,1,3);
INSERT INTO django_admin_log VALUES(36,'2021-05-20 19:59:13.166092','88','Poires−Beurré Naghin−CP','',11,1,3);
INSERT INTO django_admin_log VALUES(37,'2021-05-20 19:59:13.167150','89','Poires−Beurré Naghin−Franc','',11,1,3);
INSERT INTO django_admin_log VALUES(38,'2021-05-20 19:59:13.168146','92','Poires−Beurré Superfin−CP','',11,1,3);
INSERT INTO django_admin_log VALUES(39,'2021-05-20 19:59:13.169148','93','Poires−Beurré Superfin−Franc','',11,1,3);
INSERT INTO django_admin_log VALUES(40,'2021-05-20 19:59:13.170161','72','Poires−Beurré d Amanlis−CP','',11,1,3);
INSERT INTO django_admin_log VALUES(41,'2021-05-20 19:59:13.171186','73','Poires−Beurré d Amanlis−Franc','',11,1,3);
INSERT INTO django_admin_log VALUES(42,'2021-05-20 19:59:13.172204','70','Poires−Beurré d Anjou−CP','',11,1,3);
INSERT INTO django_admin_log VALUES(43,'2021-05-20 19:59:13.173224','71','Poires−Beurré d Anjou−Franc','',11,1,3);
INSERT INTO django_admin_log VALUES(44,'2021-05-20 19:59:13.174228','74','Poires−Beurré d Ardenpont−CP','',11,1,3);
INSERT INTO django_admin_log VALUES(45,'2021-05-20 19:59:13.175247','75','Poires−Beurré d Ardenpont−Franc','',11,1,3);
INSERT INTO django_admin_log VALUES(46,'2021-05-20 19:59:13.176171','76','Poires−Beurré des enfants nantais (I)−CP','',11,1,3);
INSERT INTO django_admin_log VALUES(47,'2021-05-20 19:59:13.177040','77','Poires−Beurré des enfants nantais (I)−Franc','',11,1,3);
INSERT INTO django_admin_log VALUES(48,'2021-05-20 19:59:13.177905','78','Poires−Beurré diel−CP','',11,1,3);
INSERT INTO django_admin_log VALUES(49,'2021-05-20 19:59:13.178792','79','Poires−Beurré diel−Franc','',11,1,3);
INSERT INTO django_admin_log VALUES(50,'2021-05-20 19:59:13.179664','80','Poires−Beurré dumortier−CP','',11,1,3);
INSERT INTO django_admin_log VALUES(51,'2021-05-20 19:59:13.180535','81','Poires−Beurré dumortier−Franc','',11,1,3);
INSERT INTO django_admin_log VALUES(52,'2021-05-20 19:59:13.181471','84','Poires−Beurré gris de luçon−CP','',11,1,3);
INSERT INTO django_admin_log VALUES(53,'2021-05-20 19:59:13.182354','85','Poires−Beurré gris de luçon−Franc','',11,1,3);
INSERT INTO django_admin_log VALUES(54,'2021-05-20 19:59:13.183268','90','Poires−Beurré six−CP','',11,1,3);
INSERT INTO django_admin_log VALUES(55,'2021-05-20 19:59:13.184046','91','Poires−Beurré six−Franc','',11,1,3);
INSERT INTO django_admin_log VALUES(56,'2021-05-20 19:59:13.184844','94','Poires−Casteline−CP','',11,1,3);
INSERT INTO django_admin_log VALUES(57,'2021-05-20 19:59:13.185607','95','Poires−Casteline−Franc','',11,1,3);
INSERT INTO django_admin_log VALUES(58,'2021-05-20 19:59:13.186356','220','Poires−Champagne−CP','',11,1,3);
INSERT INTO django_admin_log VALUES(59,'2021-05-20 19:59:13.187145','221','Poires−Champagne−Franc','',11,1,3);
INSERT INTO django_admin_log VALUES(60,'2021-05-20 19:59:13.187993','244','Poires−Champion−CP','',11,1,3);
INSERT INTO django_admin_log VALUES(61,'2021-05-20 19:59:13.188761','245','Poires−Champion−Franc','',11,1,3);
INSERT INTO django_admin_log VALUES(62,'2021-05-20 19:59:13.189551','96','Poires−Claps favourite−CP','',11,1,3);
INSERT INTO django_admin_log VALUES(63,'2021-05-20 19:59:13.190283','97','Poires−Claps favourite−Franc','',11,1,3);
INSERT INTO django_admin_log VALUES(64,'2021-05-20 19:59:13.191046','100','Poires−Comtesse de Paris−CP','',11,1,3);
INSERT INTO django_admin_log VALUES(65,'2021-05-20 19:59:13.191779','101','Poires−Comtesse de Paris−Franc','',11,1,3);
INSERT INTO django_admin_log VALUES(66,'2021-05-20 19:59:13.192447','98','Poires−Conférence−CP','',11,1,3);
INSERT INTO django_admin_log VALUES(67,'2021-05-20 19:59:13.193136','99','Poires−Conférence−Franc','',11,1,3);
INSERT INTO django_admin_log VALUES(68,'2021-05-20 19:59:13.193832','204','Poires−De dames−CP','',11,1,3);
INSERT INTO django_admin_log VALUES(69,'2021-05-20 19:59:13.194527','205','Poires−De dames−Franc','',11,1,3);
INSERT INTO django_admin_log VALUES(70,'2021-05-20 19:59:13.195214','106','Poires−Doyenné Defays−CP','',11,1,3);
INSERT INTO django_admin_log VALUES(71,'2021-05-20 19:59:13.195915','107','Poires−Doyenné Defays−Franc','',11,1,3);
INSERT INTO django_admin_log VALUES(72,'2021-05-20 19:59:13.196603','110','Poires−Doyenné Perrault−CP','',11,1,3);
INSERT INTO django_admin_log VALUES(73,'2021-05-20 19:59:13.197266','111','Poires−Doyenné Perrault−Franc','',11,1,3);
INSERT INTO django_admin_log VALUES(74,'2021-05-20 19:59:13.197966','102','Poires−Doyenné d Alençon (I)−CP','',11,1,3);
INSERT INTO django_admin_log VALUES(75,'2021-05-20 19:59:13.198661','103','Poires−Doyenné d Alençon (I)−Franc','',11,1,3);
INSERT INTO django_admin_log VALUES(76,'2021-05-20 19:59:13.199324','104','Poires−Doyenné d Hiver−CP','',11,1,3);
INSERT INTO django_admin_log VALUES(77,'2021-05-20 19:59:13.199951','105','Poires−Doyenné d Hiver−Franc','',11,1,3);
INSERT INTO django_admin_log VALUES(78,'2021-05-20 20:00:25.503844','108','Poires−Doyenné du Comice−CP','',11,1,3);
INSERT INTO django_admin_log VALUES(79,'2021-05-20 20:00:25.504756','109','Poires−Doyenné du Comice−Franc','',11,1,3);
INSERT INTO django_admin_log VALUES(80,'2021-05-20 20:00:25.505764','112','Poires−Duc de Bordeaux−CP','',11,1,3);
INSERT INTO django_admin_log VALUES(81,'2021-05-20 20:00:25.506453','113','Poires−Duc de Bordeaux−Franc','',11,1,3);
INSERT INTO django_admin_log VALUES(82,'2021-05-20 20:00:25.508366','114','Poires−Duc de nemours−CP','',11,1,3);
INSERT INTO django_admin_log VALUES(83,'2021-05-20 20:00:25.509657','116','Poires−Duchesse d Angoulême−CP','',11,1,3);
INSERT INTO django_admin_log VALUES(84,'2021-05-20 20:00:25.510299','117','Poires−Duchesse d Angoulême−Franc','',11,1,3);
INSERT INTO django_admin_log VALUES(85,'2021-05-20 20:00:25.510914','224','Poires−Fausset−CP','',11,1,3);
INSERT INTO django_admin_log VALUES(86,'2021-05-20 20:00:25.511470','225','Poires−Fausset−Franc','',11,1,3);
INSERT INTO django_admin_log VALUES(87,'2021-05-20 20:00:25.512144','1149','Poires−Figue d''Alençon (I)−CP','',11,1,3);
INSERT INTO django_admin_log VALUES(88,'2021-05-20 20:00:25.512713','118','Poires−Figue d''Alençon (I)−CP','',11,1,3);
INSERT INTO django_admin_log VALUES(89,'2021-05-20 20:00:25.513241','1150','Poires−Figue d''Alençon (I)−Franc','',11,1,3);
INSERT INTO django_admin_log VALUES(90,'2021-05-20 20:00:25.516348','119','Poires−Figue d''Alençon (I)−Franc','',11,1,3);
INSERT INTO django_admin_log VALUES(91,'2021-05-20 20:00:25.518009','120','Poires−Fondante de la maître école−CP','',11,1,3);
INSERT INTO django_admin_log VALUES(92,'2021-05-20 20:00:25.519494','121','Poires−Fondante de la maître école−Franc','',11,1,3);
INSERT INTO django_admin_log VALUES(93,'2021-05-20 20:00:25.520936','206','Poires−Franc roux−CP','',11,1,3);
INSERT INTO django_admin_log VALUES(94,'2021-05-20 20:00:25.522233','207','Poires−Franc roux−Franc','',11,1,3);
INSERT INTO django_admin_log VALUES(95,'2021-05-20 20:00:25.543650','242','Poires−Geant de vranja−CP','',11,1,3);
INSERT INTO django_admin_log VALUES(96,'2021-05-20 20:00:25.548392','243','Poires−Geant de vranja−Franc','',11,1,3);
INSERT INTO django_admin_log VALUES(97,'2021-05-20 20:00:25.560658','124','Poires−Gorham−CP','',11,1,3);
INSERT INTO django_admin_log VALUES(98,'2021-05-20 20:00:25.570799','125','Poires−Gorham−Franc','',11,1,3);
INSERT INTO django_admin_log VALUES(99,'2021-05-20 20:00:25.578997','126','Poires−Grand Champion−CP','',11,1,3);
INSERT INTO django_admin_log VALUES(100,'2021-05-20 20:00:25.589445','127','Poires−Grand Champion−Franc','',11,1,3);
INSERT INTO django_admin_log VALUES(101,'2021-05-20 20:00:25.601345','240','Poires−Gros d−CP','',11,1,3);
INSERT INTO django_admin_log VALUES(102,'2021-05-20 20:00:56.938062','241','Poires−Gros d−Franc','',11,1,3);
INSERT INTO django_admin_log VALUES(103,'2021-05-20 20:00:56.939830','122','Poires−Général Leclerc−CP','',11,1,3);
INSERT INTO django_admin_log VALUES(104,'2021-05-20 20:00:56.941182','123','Poires−Général Leclerc−Franc','',11,1,3);
INSERT INTO django_admin_log VALUES(105,'2021-05-20 20:00:56.942401','234','Poires−Hosui−CP','',11,1,3);
INSERT INTO django_admin_log VALUES(106,'2021-05-20 20:00:56.943619','235','Poires−Hosui−Franc','',11,1,3);
INSERT INTO django_admin_log VALUES(107,'2021-05-20 20:00:56.944843','128','Poires−Jalousie de fontenay−CP','',11,1,3);
INSERT INTO django_admin_log VALUES(108,'2021-05-20 20:00:56.946003','129','Poires−Jalousie de fontenay−Franc','',11,1,3);
INSERT INTO django_admin_log VALUES(109,'2021-05-20 20:00:56.946796','130','Poires−Jeanne d Arc−CP','',11,1,3);
INSERT INTO django_admin_log VALUES(110,'2021-05-20 20:00:56.947394','131','Poires−Jeanne d Arc−Franc','',11,1,3);
INSERT INTO django_admin_log VALUES(111,'2021-05-20 20:00:56.947946','132','Poires−Jules Guyot−CP','',11,1,3);
INSERT INTO django_admin_log VALUES(112,'2021-05-20 20:00:56.948547','133','Poires−Jules Guyot−Franc','',11,1,3);
INSERT INTO django_admin_log VALUES(113,'2021-05-20 20:00:56.949566','134','Poires−Le Lectier−CP','',11,1,3);
INSERT INTO django_admin_log VALUES(114,'2021-05-20 20:02:39.716456','144','Poires−Mariette de Millepieds−CP','',11,1,3);
INSERT INTO django_admin_log VALUES(115,'2021-05-20 20:02:39.717501','145','Poires−Mariette de Millepieds−Franc','',11,1,3);
INSERT INTO django_admin_log VALUES(116,'2021-05-20 20:02:39.718265','208','Poires−Martin sec−CP','',11,1,3);
INSERT INTO django_admin_log VALUES(117,'2021-05-20 20:02:39.718981','209','Poires−Martin sec−Franc','',11,1,3);
INSERT INTO django_admin_log VALUES(118,'2021-05-20 20:02:39.719680','138','Poires−Mme Ballet−CP','',11,1,3);
INSERT INTO django_admin_log VALUES(119,'2021-05-20 20:02:39.720360','139','Poires−Mme Ballet−Franc','',11,1,3);
INSERT INTO django_admin_log VALUES(120,'2021-05-20 20:02:39.721028','226','Poires−Moque friand (morfriand)−CP','',11,1,3);
INSERT INTO django_admin_log VALUES(121,'2021-05-20 20:02:39.721691','227','Poires−Moque friand (morfriand)−Franc','',11,1,3);
INSERT INTO django_admin_log VALUES(122,'2021-05-20 20:02:39.722361','146','Poires−Nain vert−CP','',11,1,3);
INSERT INTO django_admin_log VALUES(123,'2021-05-20 20:02:39.722993','147','Poires−Nain vert−Franc','',11,1,3);
INSERT INTO django_admin_log VALUES(124,'2021-05-20 20:02:39.723609','236','Poires−Niitaki−CP','',11,1,3);
INSERT INTO django_admin_log VALUES(125,'2021-05-20 20:02:39.724245','237','Poires−Niitaki−Franc','',11,1,3);
INSERT INTO django_admin_log VALUES(126,'2021-05-20 20:02:39.724833','238','Poires−Nottingham−CP','',11,1,3);
INSERT INTO django_admin_log VALUES(127,'2021-05-20 20:02:39.725412','239','Poires−Nottingham−Franc','',11,1,3);
INSERT INTO django_admin_log VALUES(128,'2021-05-20 20:02:39.725988','148','Poires−Olivier de Serres−CP','',11,1,3);
INSERT INTO django_admin_log VALUES(129,'2021-05-20 20:02:39.726545','149','Poires−Olivier de Serres−Franc','',11,1,3);
INSERT INTO django_admin_log VALUES(130,'2021-05-20 20:02:39.727110','150','Poires−Orange mandarine−CP','',11,1,3);
INSERT INTO django_admin_log VALUES(131,'2021-05-20 20:02:39.727663','151','Poires−Orange mandarine−Franc','',11,1,3);
INSERT INTO django_admin_log VALUES(132,'2021-05-20 20:02:39.728224','152','Poires−Passe Colmar−CP','',11,1,3);
INSERT INTO django_admin_log VALUES(133,'2021-05-20 20:02:39.728744','153','Poires−Passe Colmar−Franc','',11,1,3);
INSERT INTO django_admin_log VALUES(134,'2021-05-20 20:02:39.729281','154','Poires−Passe Crassane−CP','',11,1,3);
INSERT INTO django_admin_log VALUES(135,'2021-05-20 20:02:39.729799','155','Poires−Passe Crassane−Franc','',11,1,3);
INSERT INTO django_admin_log VALUES(136,'2021-05-20 20:02:39.730336','156','Poires−Perrotier−CP','',11,1,3);
INSERT INTO django_admin_log VALUES(137,'2021-05-20 20:02:39.730871','157','Poires−Perrotier−Franc','',11,1,3);
INSERT INTO django_admin_log VALUES(138,'2021-05-20 20:02:39.731390','158','Poires−Pierre corneille−CP','',11,1,3);
INSERT INTO django_admin_log VALUES(139,'2021-05-20 20:02:39.731931','159','Poires−Pierre corneille−Franc','',11,1,3);
INSERT INTO django_admin_log VALUES(140,'2021-05-20 20:02:39.732464','228','Poires−Plant de blanc−CP','',11,1,3);
INSERT INTO django_admin_log VALUES(141,'2021-05-20 20:02:39.732966','229','Poires−Plant de blanc−Franc','',11,1,3);
INSERT INTO django_admin_log VALUES(142,'2021-05-20 20:02:39.733474','210','Poires−Poire Curé−CP','',11,1,3);
INSERT INTO django_admin_log VALUES(143,'2021-05-20 20:02:39.733975','211','Poires−Poire Curé−Franc','',11,1,3);
INSERT INTO django_admin_log VALUES(144,'2021-05-20 20:02:39.734481','162','Poires−Poire Madeleine/citron des carmes−CP','',11,1,3);
INSERT INTO django_admin_log VALUES(145,'2021-05-20 20:02:39.734985','163','Poires−Poire Madeleine/citron des carmes−Franc','',11,1,3);
INSERT INTO django_admin_log VALUES(146,'2021-05-20 20:02:39.735501','160','Poires−Poire cloche−CP','',11,1,3);
INSERT INTO django_admin_log VALUES(147,'2021-05-20 20:02:39.735990','161','Poires−Poire cloche−Franc','',11,1,3);
INSERT INTO django_admin_log VALUES(148,'2021-05-20 20:02:39.736529','212','Poires−Poire de fise−CP','',11,1,3);
INSERT INTO django_admin_log VALUES(149,'2021-05-20 20:02:39.737021','213','Poires−Poire de fise−Franc','',11,1,3);
INSERT INTO django_admin_log VALUES(150,'2021-05-20 20:02:39.737500','218','Poires−Poire de robion−CP','',11,1,3);
INSERT INTO django_admin_log VALUES(151,'2021-05-20 20:02:39.737983','219','Poires−Poire de robion−Franc','',11,1,3);
INSERT INTO django_admin_log VALUES(152,'2021-05-20 20:02:39.738487','214','Poires−Poire de toupe−CP','',11,1,3);
INSERT INTO django_admin_log VALUES(153,'2021-05-20 20:02:39.738977','215','Poires−Poire de toupe−Franc','',11,1,3);
INSERT INTO django_admin_log VALUES(154,'2021-05-20 20:02:39.739488','216','Poires−Poire monsieur−CP','',11,1,3);
INSERT INTO django_admin_log VALUES(155,'2021-05-20 20:02:39.739993','217','Poires−Poire monsieur−Franc','',11,1,3);
INSERT INTO django_admin_log VALUES(156,'2021-05-20 20:02:39.740489','164','Poires−Poiriou−CP','',11,1,3);
INSERT INTO django_admin_log VALUES(157,'2021-05-20 20:02:39.741034','165','Poires−Poiriou−Franc','',11,1,3);
INSERT INTO django_admin_log VALUES(158,'2021-05-20 20:02:39.741531','230','Poires−Poiré Gasnier−CP','',11,1,3);
INSERT INTO django_admin_log VALUES(159,'2021-05-20 20:02:39.742011','231','Poires−Poiré Gasnier−Franc','',11,1,3);
INSERT INTO django_admin_log VALUES(160,'2021-05-20 20:02:39.742501','232','Poires−Poiré bois robert−CP','',11,1,3);
INSERT INTO django_admin_log VALUES(161,'2021-05-20 20:02:39.743006','233','Poires−Poiré bois robert−Franc','',11,1,3);
INSERT INTO django_admin_log VALUES(162,'2021-05-20 20:02:39.743533','248','Poires−Portugais−CP','',11,1,3);
INSERT INTO django_admin_log VALUES(163,'2021-05-20 20:03:23.719664','249','Poires−Portugais−Franc','',11,1,3);
INSERT INTO django_admin_log VALUES(164,'2021-05-20 20:03:23.722272','170','Poires−President Heron−CP','',11,1,3);
INSERT INTO django_admin_log VALUES(165,'2021-05-20 20:03:23.724922','171','Poires−President Heron−Franc','',11,1,3);
INSERT INTO django_admin_log VALUES(166,'2021-05-20 20:03:23.726822','166','Poires−Précoce de trévoux−CP','',11,1,3);
INSERT INTO django_admin_log VALUES(167,'2021-05-20 20:03:23.728287','167','Poires−Précoce de trévoux−Franc','',11,1,3);
INSERT INTO django_admin_log VALUES(168,'2021-05-20 20:03:23.729860','168','Poires−Président drouard−CP','',11,1,3);
INSERT INTO django_admin_log VALUES(169,'2021-05-20 20:03:23.731459','169','Poires−Président drouard−Franc','',11,1,3);
INSERT INTO django_admin_log VALUES(170,'2021-05-20 20:03:23.732896','172','Poires−Seckle−CP','',11,1,3);
INSERT INTO django_admin_log VALUES(171,'2021-05-20 20:03:23.734279','173','Poires−Seckle−Franc','',11,1,3);
INSERT INTO django_admin_log VALUES(172,'2021-05-20 20:03:23.735698','174','Poires−Soeur Grégoire−CP','',11,1,3);
INSERT INTO django_admin_log VALUES(173,'2021-05-20 20:03:23.736968','175','Poires−Soeur Grégoire−Franc','',11,1,3);
INSERT INTO django_admin_log VALUES(174,'2021-05-20 20:03:23.738076','176','Poires−Soldat laboureur−CP','',11,1,3);
INSERT INTO django_admin_log VALUES(175,'2021-05-20 20:03:23.739356','177','Poires−Soldat laboureur−Franc','',11,1,3);
INSERT INTO django_admin_log VALUES(176,'2021-05-20 20:03:23.740437','178','Poires−Sucré de montluçon−CP','',11,1,3);
INSERT INTO django_admin_log VALUES(177,'2021-05-20 20:03:23.741479','179','Poires−Sucré de montluçon−Franc','',11,1,3);
INSERT INTO django_admin_log VALUES(178,'2021-05-20 20:03:23.742549','180','Poires−Super comice−CP','',11,1,3);
INSERT INTO django_admin_log VALUES(179,'2021-05-20 20:03:23.743567','181','Poires−Super comice−Franc','',11,1,3);
INSERT INTO django_admin_log VALUES(180,'2021-05-20 20:03:23.744629','182','Poires−Suprême de quimper−CP','',11,1,3);
INSERT INTO django_admin_log VALUES(181,'2021-05-20 20:03:23.745618','183','Poires−Suprême de quimper−Franc','',11,1,3);
INSERT INTO django_admin_log VALUES(182,'2021-05-20 20:03:23.746691','186','Poires−Triomphe de Trélazé−CP','',11,1,3);
INSERT INTO django_admin_log VALUES(183,'2021-05-20 20:03:23.747706','187','Poires−Triomphe de Trélazé−Franc','',11,1,3);
INSERT INTO django_admin_log VALUES(184,'2021-05-20 20:03:23.748681','184','Poires−Triomphe de jodoigne−CP','',11,1,3);
INSERT INTO django_admin_log VALUES(185,'2021-05-20 20:03:23.749592','185','Poires−Triomphe de jodoigne−Franc','',11,1,3);
INSERT INTO django_admin_log VALUES(186,'2021-05-20 20:03:23.750453','188','Poires−Triomphe de vienne−CP','',11,1,3);
INSERT INTO django_admin_log VALUES(187,'2021-05-20 20:03:23.751390','189','Poires−Triomphe de vienne−Franc','',11,1,3);
INSERT INTO django_admin_log VALUES(188,'2021-05-20 20:04:04.727855','190','Poires−Verte longue d Angers−CP','',11,1,3);
INSERT INTO django_admin_log VALUES(189,'2021-05-20 20:04:04.728877','191','Poires−Verte longue d Angers−Franc','',11,1,3);
INSERT INTO django_admin_log VALUES(190,'2021-05-20 20:04:04.729606','192','Poires−Virginie Baltet−CP','',11,1,3);
INSERT INTO django_admin_log VALUES(191,'2021-05-20 20:04:04.730242','193','Poires−Virginie Baltet−Franc','',11,1,3);
INSERT INTO django_admin_log VALUES(192,'2021-05-20 20:04:04.730870','194','Poires−William faure−CP','',11,1,3);
INSERT INTO django_admin_log VALUES(193,'2021-05-20 20:04:04.731515','195','Poires−William faure−Franc','',11,1,3);
INSERT INTO django_admin_log VALUES(194,'2021-05-20 20:04:04.732204','196','Poires−William jaune−CP','',11,1,3);
INSERT INTO django_admin_log VALUES(195,'2021-05-20 20:04:04.732951','197','Poires−William jaune−Franc','',11,1,3);
INSERT INTO django_admin_log VALUES(196,'2021-05-20 20:04:04.733603','198','Poires−William précoce−CP','',11,1,3);
INSERT INTO django_admin_log VALUES(197,'2021-05-20 20:04:04.734236','199','Poires−William précoce−Franc','',11,1,3);
INSERT INTO django_admin_log VALUES(198,'2021-05-20 20:04:04.734887','200','Poires−William rouge−CP','',11,1,3);
INSERT INTO django_admin_log VALUES(199,'2021-05-20 20:04:04.735675','201','Poires−William rouge−Franc','',11,1,3);
INSERT INTO django_admin_log VALUES(200,'2021-05-20 20:05:11.701964','962','Poires−Belle guérandaise−Franc','',11,1,3);
INSERT INTO django_admin_log VALUES(201,'2021-05-20 20:05:11.704516','65','Poires−Belle guérandaise−Franc','',11,1,3);
INSERT INTO django_admin_log VALUES(202,'2021-05-20 20:05:11.706523','63','Poires−Belle guérandaise−Franc','',11,1,3);
INSERT INTO django_admin_log VALUES(203,'2021-05-20 20:05:44.960626','135','Poires−Le Lectier−Franc','',11,1,3);
INSERT INTO django_admin_log VALUES(204,'2021-05-20 20:05:44.962950','136','Poires−Louise Bonne d Avranches−CP','',11,1,3);
INSERT INTO django_admin_log VALUES(205,'2021-05-20 20:05:44.964577','137','Poires−Louise Bonne d Avranches−Franc','',11,1,3);
INSERT INTO django_admin_log VALUES(206,'2021-05-20 20:05:44.966313','140','Poires−Marguerite Marillat−CP','',11,1,3);
INSERT INTO django_admin_log VALUES(207,'2021-05-20 20:05:44.967963','141','Poires−Marguerite Marillat−Franc','',11,1,3);
INSERT INTO django_admin_log VALUES(208,'2021-05-20 20:05:44.969729','142','Poires−Marie Benoist−CP','',11,1,3);
INSERT INTO django_admin_log VALUES(209,'2021-05-20 20:05:44.970915','143','Poires−Marie Benoist−Franc','',11,1,3);
INSERT INTO django_admin_log VALUES(210,'2021-05-21 18:17:28.400645','2','user','[{'added': {}}]',4,1,1);
INSERT INTO django_admin_log VALUES(211,'2021-05-21 18:17:48.784639','2','user','[{'changed': {'fields': ['First name']}}]',4,1,2);
INSERT INTO django_admin_log VALUES(212,'2021-05-21 20:58:31.576693','1','admin','[{'added': {}}]',3,1,1);
INSERT INTO django_admin_log VALUES(213,'2021-05-21 20:59:48.813226','2','user','[{'added': {}}]',3,1,1);
INSERT INTO django_admin_log VALUES(214,'2021-05-23 18:25:32.076876','1','Client object (1)','[{'added': {}}]',13,1,1);
INSERT INTO django_admin_log VALUES(215,'2021-05-23 18:26:26.235222','2','Client object (2)','[{'added': {}}]',13,1,1);
INSERT INTO django_admin_log VALUES(216,'2021-05-26 19:19:43.067405','948','Cognassier−Arromatnaya−CP','[{'changed': {'fields': ['Stock']}}]',11,1,2);
INSERT INTO django_admin_log VALUES(217,'2021-05-26 19:19:43.069415','949','Nashi−Niitaki−Franc','[{'changed': {'fields': ['Stock']}}]',11,1,2);
INSERT INTO django_admin_log VALUES(218,'2021-05-26 19:19:43.070672','1121','Poires−Antricotin−CP','[{'changed': {'fields': ['Stock']}}]',11,1,2);
INSERT INTO django_admin_log VALUES(219,'2021-05-26 19:19:43.071884','1146','Poires−Arromatnaya−Franc','[{'changed': {'fields': ['Stock']}}]',11,1,2);
INSERT INTO django_admin_log VALUES(220,'2021-05-26 19:19:43.073037','960','Poires−Belle fauve−CP','[{'changed': {'fields': ['Stock']}}]',11,1,2);
INSERT INTO django_admin_log VALUES(221,'2021-05-26 19:19:43.074222','961','Poires−Belle fauve−Franc','[{'changed': {'fields': ['Stock']}}]',11,1,2);
INSERT INTO django_admin_log VALUES(222,'2021-05-26 19:19:43.075411','963','Poires−Belle guérandaise−CP','[{'changed': {'fields': ['Stock']}}]',11,1,2);
INSERT INTO django_admin_log VALUES(223,'2021-05-26 19:19:43.076553','964','Poires−Belle guérandaise−Franc','[{'changed': {'fields': ['Stock']}}]',11,1,2);
INSERT INTO django_admin_log VALUES(224,'2021-05-26 19:19:43.077683','965','Poires−Bergamote esperen−CP','[{'changed': {'fields': ['Stock']}}]',11,1,2);
INSERT INTO django_admin_log VALUES(225,'2021-05-26 19:19:43.078796','966','Poires−Bergamote esperen−Franc','[{'changed': {'fields': ['Stock']}}]',11,1,2);
INSERT INTO django_admin_log VALUES(226,'2021-05-26 19:19:43.079872','981','Poires−Beurre Giffard−CP','[{'changed': {'fields': ['Stock']}}]',11,1,2);
INSERT INTO django_admin_log VALUES(227,'2021-05-26 19:21:16.679529','480','Pomme−Chailleux type−Franc','[{'changed': {'fields': ['Stock']}}]',11,1,2);
INSERT INTO django_admin_log VALUES(228,'2021-05-26 19:21:16.681057','490','Pomme−Chataignier−M26','[{'changed': {'fields': ['Stock']}}]',11,1,2);
INSERT INTO django_admin_log VALUES(229,'2021-05-26 19:21:16.682280','505','Pomme−Coeur de boeuf−M9','[{'changed': {'fields': ['Stock']}}]',11,1,2);
INSERT INTO django_admin_log VALUES(230,'2021-05-27 13:24:35.310494','2','user','[{'changed': {'fields': ['Groups']}}]',4,1,2);
INSERT INTO django_admin_log VALUES(231,'2021-05-27 13:24:49.054345','1','admin','[{'changed': {'fields': ['Permissions']}}]',3,1,2);
INSERT INTO django_admin_log VALUES(232,'2021-06-01 10:20:29.051700','3','nico','[{'added': {}}]',4,1,1);
INSERT INTO django_admin_log VALUES(233,'2021-06-01 10:21:09.880987','3','Client object (3)','[{'added': {}}]',13,1,1);
INSERT INTO django_admin_log VALUES(234,'2021-06-01 12:15:31.845949','1','Client object (1)','[{'changed': {'fields': ['User']}}]',13,1,2);
INSERT INTO django_admin_log VALUES(235,'2021-06-01 14:49:58.987008','963','Poires−Belle guérandaise−CP','[{'changed': {'fields': ['Stock']}}]',11,1,2);
INSERT INTO django_admin_log VALUES(236,'2021-06-01 14:51:54.056900','949','Nashi−Niitaki−Franc','[{'changed': {'fields': ['Stock']}}]',11,1,2);
INSERT INTO django_admin_log VALUES(237,'2021-06-01 14:51:54.061618','1121','Poires−Antricotin−CP','[{'changed': {'fields': ['Stock']}}]',11,1,2);
INSERT INTO django_admin_log VALUES(238,'2021-06-01 14:51:54.064925','964','Poires−Belle guérandaise−Franc','[{'changed': {'fields': ['Stock']}}]',11,1,2);
INSERT INTO django_admin_log VALUES(239,'2021-06-02 07:51:50.851311','4','Validée','[{'added': {}}]',15,1,1);
INSERT INTO django_admin_log VALUES(240,'2021-06-02 15:13:17.996972','4','Client object (4)','[{'added': {}}]',13,1,1);
INSERT INTO django_admin_log VALUES(241,'2021-06-02 18:12:16.095445','4','Client object (4)','[{'changed': {'fields': ['User']}}]',13,1,2);
INSERT INTO django_admin_log VALUES(242,'2021-06-02 18:19:45.378241','1','Frais object (1)','[{'added': {}}]',16,1,1);
INSERT INTO django_admin_log VALUES(243,'2021-06-02 18:19:56.981076','2','Frais object (2)','[{'added': {}}]',16,1,1);
INSERT INTO django_admin_log VALUES(244,'2021-06-02 19:56:46.331380','1','Frais object (1)','[{'changed': {'fields': ['Nom']}}]',16,1,2);
INSERT INTO django_admin_log VALUES(245,'2021-06-02 19:57:02.009445','1','Frais object (1)','[{'changed': {'fields': ['Prix', 'Tva']}}]',16,1,2);
INSERT INTO django_admin_log VALUES(246,'2021-06-02 20:04:16.100481','1','Client object (1)','[{'changed': {'fields': ['Remise']}}]',13,1,2);
INSERT INTO django_admin_log VALUES(247,'2021-06-03 18:48:24.229589','3','Frais object (3)','[{'added': {}}]',16,1,1);
CREATE TABLE IF NOT EXISTS django_content_type (id INT NOT NULL PRIMARY KEY AUTO_INCREMENT, app_label VARCHAR(100) NOT NULL, model VARCHAR(100) NOT NULL);
INSERT INTO django_content_type VALUES(1,'admin','logentry');
INSERT INTO django_content_type VALUES(2,'auth','permission');
INSERT INTO django_content_type VALUES(3,'auth','group');
INSERT INTO django_content_type VALUES(4,'auth','user');
INSERT INTO django_content_type VALUES(5,'contenttypes','contenttype');
INSERT INTO django_content_type VALUES(6,'sessions','session');
INSERT INTO django_content_type VALUES(7,'onlineshop','espece');
INSERT INTO django_content_type VALUES(8,'onlineshop','portegreffe');
INSERT INTO django_content_type VALUES(9,'onlineshop','spec');
INSERT INTO django_content_type VALUES(10,'onlineshop','variete');
INSERT INTO django_content_type VALUES(11,'onlineshop','produit');
INSERT INTO django_content_type VALUES(12,'order','commande');
INSERT INTO django_content_type VALUES(13,'order','client');
INSERT INTO django_content_type VALUES(14,'order','cartdb');
INSERT INTO django_content_type VALUES(15,'order','statut');
INSERT INTO django_content_type VALUES(16,'order','frais');
CREATE TABLE IF NOT EXISTS auth_permission (id INT NOT NULL PRIMARY KEY AUTO_INCREMENT, content_type_id INT NOT NULL REFERENCES django_content_type (id)ON DELETE CASCADE, codename VARCHAR(100) NOT NULL, name VARCHAR(255) NOT NULL);
INSERT INTO auth_permission VALUES(1,1,'add_logentry','Can add log entry');
INSERT INTO auth_permission VALUES(2,1,'change_logentry','Can change log entry');
INSERT INTO auth_permission VALUES(3,1,'delete_logentry','Can delete log entry');
INSERT INTO auth_permission VALUES(4,1,'view_logentry','Can view log entry');
INSERT INTO auth_permission VALUES(5,2,'add_permission','Can add permission');
INSERT INTO auth_permission VALUES(6,2,'change_permission','Can change permission');
INSERT INTO auth_permission VALUES(7,2,'delete_permission','Can delete permission');
INSERT INTO auth_permission VALUES(8,2,'view_permission','Can view permission');
INSERT INTO auth_permission VALUES(9,3,'add_group','Can add group');
INSERT INTO auth_permission VALUES(10,3,'change_group','Can change group');
INSERT INTO auth_permission VALUES(11,3,'delete_group','Can delete group');
INSERT INTO auth_permission VALUES(12,3,'view_group','Can view group');
INSERT INTO auth_permission VALUES(13,4,'add_user','Can add user');
INSERT INTO auth_permission VALUES(14,4,'change_user','Can change user');
INSERT INTO auth_permission VALUES(15,4,'delete_user','Can delete user');
INSERT INTO auth_permission VALUES(16,4,'view_user','Can view user');
INSERT INTO auth_permission VALUES(17,5,'add_contenttype','Can add content type');
INSERT INTO auth_permission VALUES(18,5,'change_contenttype','Can change content type');
INSERT INTO auth_permission VALUES(19,5,'delete_contenttype','Can delete content type');
INSERT INTO auth_permission VALUES(20,5,'view_contenttype','Can view content type');
INSERT INTO auth_permission VALUES(21,6,'add_session','Can add session');
INSERT INTO auth_permission VALUES(22,6,'change_session','Can change session');
INSERT INTO auth_permission VALUES(23,6,'delete_session','Can delete session');
INSERT INTO auth_permission VALUES(24,6,'view_session','Can view session');
INSERT INTO auth_permission VALUES(25,7,'add_espece','Can add espece');
INSERT INTO auth_permission VALUES(26,7,'change_espece','Can change espece');
INSERT INTO auth_permission VALUES(27,7,'delete_espece','Can delete espece');
INSERT INTO auth_permission VALUES(28,7,'view_espece','Can view espece');
INSERT INTO auth_permission VALUES(29,8,'add_portegreffe','Can add porte-greffe');
INSERT INTO auth_permission VALUES(30,8,'change_portegreffe','Can change porte-greffe');
INSERT INTO auth_permission VALUES(31,8,'delete_portegreffe','Can delete porte-greffe');
INSERT INTO auth_permission VALUES(32,8,'view_portegreffe','Can view porte-greffe');
INSERT INTO auth_permission VALUES(33,9,'add_spec','Can add specialité');
INSERT INTO auth_permission VALUES(34,9,'change_spec','Can change specialité');
INSERT INTO auth_permission VALUES(35,9,'delete_spec','Can delete specialité');
INSERT INTO auth_permission VALUES(36,9,'view_spec','Can view specialité');
INSERT INTO auth_permission VALUES(37,10,'add_variete','Can add variete');
INSERT INTO auth_permission VALUES(38,10,'change_variete','Can change variete');
INSERT INTO auth_permission VALUES(39,10,'delete_variete','Can delete variete');
INSERT INTO auth_permission VALUES(40,10,'view_variete','Can view variete');
INSERT INTO auth_permission VALUES(41,11,'add_produit','Can add produit');
INSERT INTO auth_permission VALUES(42,11,'change_produit','Can change produit');
INSERT INTO auth_permission VALUES(43,11,'delete_produit','Can delete produit');
INSERT INTO auth_permission VALUES(44,11,'view_produit','Can view produit');
INSERT INTO auth_permission VALUES(45,12,'add_commande','Can add commande');
INSERT INTO auth_permission VALUES(46,12,'change_commande','Can change commande');
INSERT INTO auth_permission VALUES(47,12,'delete_commande','Can delete commande');
INSERT INTO auth_permission VALUES(48,12,'view_commande','Can view commande');
INSERT INTO auth_permission VALUES(49,13,'add_client','Can add client');
INSERT INTO auth_permission VALUES(50,13,'change_client','Can change client');
INSERT INTO auth_permission VALUES(51,13,'delete_client','Can delete client');
INSERT INTO auth_permission VALUES(52,13,'view_client','Can view client');
INSERT INTO auth_permission VALUES(53,14,'add_cart','Can add cart');
INSERT INTO auth_permission VALUES(54,14,'change_cart','Can change cart');
INSERT INTO auth_permission VALUES(55,14,'delete_cart','Can delete cart');
INSERT INTO auth_permission VALUES(56,14,'view_cart','Can view cart');
INSERT INTO auth_permission VALUES(57,14,'add_cartdb','Can add cartdb');
INSERT INTO auth_permission VALUES(58,14,'change_cartdb','Can change cartdb');
INSERT INTO auth_permission VALUES(59,14,'delete_cartdb','Can delete cartdb');
INSERT INTO auth_permission VALUES(60,14,'view_cartdb','Can view cartdb');
INSERT INTO auth_permission VALUES(61,15,'add_statut','Can add statut');
INSERT INTO auth_permission VALUES(62,15,'change_statut','Can change statut');
INSERT INTO auth_permission VALUES(63,15,'delete_statut','Can delete statut');
INSERT INTO auth_permission VALUES(64,15,'view_statut','Can view statut');
INSERT INTO auth_permission VALUES(65,16,'add_frais','Can add frais');
INSERT INTO auth_permission VALUES(66,16,'change_frais','Can change frais');
INSERT INTO auth_permission VALUES(67,16,'delete_frais','Can delete frais');
INSERT INTO auth_permission VALUES(68,16,'view_frais','Can view frais');
CREATE TABLE IF NOT EXISTS auth_group (id INT NOT NULL PRIMARY KEY AUTO_INCREMENT, name VARCHAR(150) NOT NULL UNIQUE);
INSERT INTO auth_group VALUES(1,'admin');
INSERT INTO auth_group VALUES(2,'user');
CREATE TABLE IF NOT EXISTS django_session (session_key VARCHAR(40) NOT NULL PRIMARY KEY, session_data text NOT NULL, expire_date datetime NOT NULL);
INSERT INTO django_session VALUES('ysocfjpza0rehpd6av1aslfqk8cztxye','ZWZjY2IxZThmNzQ4NjQ3Y2YxMDQ3ZWUxMDdkMTRmZTFiYzJkMDkzMDp7Il9hdXRoX3VzZXJfaWQiOiIxIiwiX2F1dGhfdXNlcl9iYWNrZW5kIjoiZGphbmdvLmNvbnRyaWIuYXV0aC5iYWNrZW5kcy5Nb2RlbEJhY2tlbmQiLCJfYXV0aF91c2VyX2hhc2giOiJkNWQzM2JiZDQ0M2IxZWQ4YjkwZWY1YTBiZWE1MzJiZGExNTlhM2JkIn0=','2021-05-28 22:25:20.930184');
INSERT INTO django_session VALUES('hhjf9p1ztuldrudip1ifjppmp7vmjdls','MjcxODdkM2E0OGI2YjViMTExNjFmZTJmNGI5ODg2MWM0ZGJjY2FiMDp7Il9hdXRoX3VzZXJfaWQiOiIyIiwiX2F1dGhfdXNlcl9iYWNrZW5kIjoiZGphbmdvLmNvbnRyaWIuYXV0aC5iYWNrZW5kcy5Nb2RlbEJhY2tlbmQiLCJfYXV0aF91c2VyX2hhc2giOiJhZTE3MWQxMzI2YTM2ZTM3NGM5NjMwNWQ3MzU5MDUzMTEwOWQ1ZTQ1IiwiY2FydCI6eyIyNzQiOnsicXRlIjoxLCJwcml4IjoiMTUuMDAifSwiOTU2Ijp7InF0ZSI6NSwicHJpeCI6IjE1LjAwIn0sIjkzOCI6eyJxdGUiOjEwLCJwcml4IjoiMTUuMDAifSwiMSI6eyJxdGUiOjE1LCJwcml4IjoiMTUuMDAifSwiMjU0Ijp7InF0ZSI6MiwicHJpeCI6IjE1LjAwIn19fQ==','2021-06-06 19:09:36.768558');
INSERT INTO django_session VALUES('exauvd6aq73sek2e3q5d7by5bsem6zkt','.eJxVjEEOwiAQRe_C2hBgAMGl-56BzHSoVA0kpV0Z765NutDtf-_9l0i4rSVtPS9pZnERWpx-N8LxkesO-I711uTY6rrMJHdFHrTLoXF-Xg_376BgL996iip6tg5UMAbBKSJNoJAdBOswBx_R0FlljJqIAZAiErKFiT05Ld4f0Hs4Eg:1lmFyR:qz6THWPiSmtmFumKne7jK8VLOWEzmcHR5nLqCXWLMqI','2021-06-10 13:22:55.251601');
INSERT INTO django_session VALUES('uxc04ztx33606dsx4seicr9pinwn6ybi','e30:1lmH9y:W2uE6ozs4Uekd8IQMEpTu1HvwDkhFpjiBj1qADlCB9U','2021-06-10 14:38:54.217522');
INSERT INTO django_session VALUES('o668szmwfi7wbewpia4cuawbv9li66er','e30:1lmHCx:VSSI6AUZX6JWaj3EHN6NQkjTXXsG2HgNB5UNhmI2B5M','2021-06-10 14:41:59.715410');
INSERT INTO django_session VALUES('6fd3u2kz6fitvnj03wuggvemfwrooboi','.eJxVjEEOwiAQRe_C2hBgAMGl-56BzHSoVA0kpV0Z765NutDtf-_9l0i4rSVtPS9pZnERWpx-N8LxkesO-I711uTY6rrMJHdFHrTLoXF-Xg_376BgL996iip6tg5UMAbBKSJNoJAdBOswBx_R0FlljJqIAZAiErKFiT05Ld4f0Hs4Eg:1loSdR:kqF4sBa4oHKRlEVc07O4hi1emvjtJCiesv1e_oGLncM','2021-06-16 15:18:21.985420');
INSERT INTO django_session VALUES('33hgcfowxltr312q50c6ti57danrbmvm','.eJxVjEEOwiAQRe_C2hBgAMGl-56BzHSoVA0kpV0Z765NutDtf-_9l0i4rSVtPS9pZnERWpx-N8LxkesO-I711uTY6rrMJHdFHrTLoXF-Xg_376BgL996iip6tg5UMAbBKSJNoJAdBOswBx_R0FlljJqIAZAiErKFiT05Ld4f0Hs4Eg:1lookj:QGS93EMoSYy4fg4PcfVV6jDZ7YQ2l1PFqnBRk1IQLpg','2021-06-17 14:55:21.446992');
CREATE TABLE IF NOT EXISTS auth_user (id INT NOT NULL PRIMARY KEY AUTO_INCREMENT, password VARCHAR(128) NOT NULL, last_login datetime NULL, is_superuser bool NOT NULL, username VARCHAR(150) NOT NULL UNIQUE, last_name VARCHAR(150) NOT NULL, email VARCHAR(254) NOT NULL, is_staff bool NOT NULL, is_active bool NOT NULL, date_joined datetime NOT NULL, first_name VARCHAR(150) NOT NULL);
INSERT INTO auth_user VALUES(1,'pbkdf2_sha256$260000$3WHpXu7LykTwFsuswKYrKo$jsZ0nyaKeQsLWL8TAqDmXbhxPTA5c57F9NerAQngmTk=','2021-06-03 14:09:21.168891',1,'cyrilhenry','','cyril.henry@gmail.com',1,1,'2021-05-14 22:04:02.721791','');
INSERT INTO auth_user VALUES(2,'pbkdf2_sha256$260000$2EdAGk5gzIaaCBwOG1h6z9$I4kwltSvqGdizmbdaL91V0hjO9pwixvI70pKZkvSiMI=','2021-06-02 15:00:42.724662',0,'user','','',0,1,'2021-05-21 18:17:28','Utilisateur');
INSERT INTO auth_user VALUES(3,'pbkdf2_sha256$260000$TYflPcZinDYCqKBUSTFsDs$Og60oKWO8J+p0570Hoasuo+W0ZCfuQRDTcy1ZEqyPjY=',NULL,0,'nico','','',0,1,'2021-06-01 10:20:28.881368','');
CREATE TABLE IF NOT EXISTS onlineshop_espece (id INT NOT NULL PRIMARY KEY AUTO_INCREMENT, nom VARCHAR(200) NOT NULL, slug VARCHAR(200) NOT NULL UNIQUE);
INSERT INTO onlineshop_espece VALUES(1,'Pêche','peche');
INSERT INTO onlineshop_espece VALUES(2,'Poire','poire');
INSERT INTO onlineshop_espece VALUES(3,'Cerise','cerise');
INSERT INTO onlineshop_espece VALUES(4,'Abricot','abricot');
INSERT INTO onlineshop_espece VALUES(5,'Prune','prune');
INSERT INTO onlineshop_espece VALUES(6,'Pomme','pomme');
INSERT INTO onlineshop_espece VALUES(7,'Groseille','groseille');
INSERT INTO onlineshop_espece VALUES(8,'Cassis','cassis');
INSERT INTO onlineshop_espece VALUES(9,'Casseille','casseille');
INSERT INTO onlineshop_espece VALUES(10,'Nashi','nashi');
INSERT INTO onlineshop_espece VALUES(11,'Amandier','amandier');
INSERT INTO onlineshop_espece VALUES(12,'Groseille à maquereaux','groseille-maquereaux');
INSERT INTO onlineshop_espece VALUES(13,'Cognassier','cognassier');
INSERT INTO onlineshop_espece VALUES(14,'Neflier','neflier');
CREATE TABLE IF NOT EXISTS onlineshop_portegreffe (id INT NOT NULL PRIMARY KEY AUTO_INCREMENT, nom VARCHAR(200) NOT NULL, slug VARCHAR(200) NOT NULL UNIQUE);
INSERT INTO onlineshop_portegreffe VALUES(1,'Franc','franc');
INSERT INTO onlineshop_portegreffe VALUES(2,'St Ju','st-ju');
INSERT INTO onlineshop_portegreffe VALUES(3,'CP','cp');
INSERT INTO onlineshop_portegreffe VALUES(4,'Colt','colt');
INSERT INTO onlineshop_portegreffe VALUES(5,'Pont','pont');
INSERT INTO onlineshop_portegreffe VALUES(6,'Rubira','rubira');
INSERT INTO onlineshop_portegreffe VALUES(7,'Myro','myro');
INSERT INTO onlineshop_portegreffe VALUES(8,'M9','m9');
INSERT INTO onlineshop_portegreffe VALUES(9,'M26','m26');
INSERT INTO onlineshop_portegreffe VALUES(10,'M106','m106');
INSERT INTO onlineshop_portegreffe VALUES(11,'NA','na');
INSERT INTO onlineshop_portegreffe VALUES(12,'testpg2','testpg2');
CREATE TABLE IF NOT EXISTS onlineshop_spec (id INT NOT NULL PRIMARY KEY AUTO_INCREMENT, nom VARCHAR(200) NOT NULL, slug VARCHAR(200) NOT NULL UNIQUE);
INSERT INTO onlineshop_spec VALUES(1,'Test','test');
CREATE TABLE IF NOT EXISTS onlineshop_variete (id INT NOT NULL PRIMARY KEY AUTO_INCREMENT, nom VARCHAR(200) NOT NULL, slug VARCHAR(200) NOT NULL UNIQUE);
INSERT INTO onlineshop_variete VALUES(1,'Alberge','alberge');
INSERT INTO onlineshop_variete VALUES(2,'Amsden','amsden');
INSERT INTO onlineshop_variete VALUES(3,'Arnaud III','arnaud-iii');
INSERT INTO onlineshop_variete VALUES(4,'Benoni','benoni');
INSERT INTO onlineshop_variete VALUES(5,'Brugnon de morton','brugnon-de-morton');
INSERT INTO onlineshop_variete VALUES(6,'Charles Roux','charles-roux');
INSERT INTO onlineshop_variete VALUES(7,'Dr Aribaud','dr-aribaud');
INSERT INTO onlineshop_variete VALUES(8,'Fair haven','fair-haven');
INSERT INTO onlineshop_variete VALUES(9,'Felligui','felligui');
INSERT INTO onlineshop_variete VALUES(10,'Feunten Wenn','feunten-wenn');
INSERT INTO onlineshop_variete VALUES(11,'Gaillard 22','gaillard-22');
INSERT INTO onlineshop_variete VALUES(12,'Gaillard Girerd','gaillard-girerd');
INSERT INTO onlineshop_variete VALUES(13,'Grosse mignonne','grosse-mignonne');
INSERT INTO onlineshop_variete VALUES(14,'Guillou élégante','guillou-elegante');
INSERT INTO onlineshop_variete VALUES(15,'Invincible Guilloux','invincible-guilloux');
INSERT INTO onlineshop_variete VALUES(16,'Mme Girard','mme-girard');
INSERT INTO onlineshop_variete VALUES(17,'Mme Guilloux','mme-guilloux');
INSERT INTO onlineshop_variete VALUES(18,'Nectarose','nectarose');
INSERT INTO onlineshop_variete VALUES(19,'Nelly','nelly');
INSERT INTO onlineshop_variete VALUES(20,'Pêche miel','peche-miel');
INSERT INTO onlineshop_variete VALUES(21,'Pineapple','pineapple');
INSERT INTO onlineshop_variete VALUES(22,'Pitaval','pitaval');
INSERT INTO onlineshop_variete VALUES(23,'Reine des vergers','reine-des-vergers');
INSERT INTO onlineshop_variete VALUES(24,'Rochester','rochester');
INSERT INTO onlineshop_variete VALUES(25,'Rouge Julien','rouge-julien');
INSERT INTO onlineshop_variete VALUES(26,'Roussane de Rodez','roussane-de-rodez');
INSERT INTO onlineshop_variete VALUES(27,'Roussane royale','roussane-royale');
INSERT INTO onlineshop_variete VALUES(28,'Surpasse Amsden','surpasse-amsden');
INSERT INTO onlineshop_variete VALUES(29,'Belle des croix rouge','belle-des-croix-rouge');
INSERT INTO onlineshop_variete VALUES(30,'Tardive du mont d or','tardive-du-mont-d-or');
INSERT INTO onlineshop_variete VALUES(31,'Abbé Fetel','abbe-fetel');
INSERT INTO onlineshop_variete VALUES(32,'Alexandrine Douillard','alexandrine-douillard');
INSERT INTO onlineshop_variete VALUES(33,'Antricotin','antricotin');
INSERT INTO onlineshop_variete VALUES(34,'Belle de Bruxelles','belle-de-bruxelles');
INSERT INTO onlineshop_variete VALUES(35,'Belle fauve','belle-fauve');
INSERT INTO onlineshop_variete VALUES(36,'Belle guérandaise','belle-guerandaise');
INSERT INTO onlineshop_variete VALUES(37,'Bergamote esperen','bergamote-esperen');
INSERT INTO onlineshop_variete VALUES(38,'Beurré Clairgeau','beurre-clairgeau');
INSERT INTO onlineshop_variete VALUES(39,'Beurré d Amanlis','beurre-d-amanlis');
INSERT INTO onlineshop_variete VALUES(40,'Beurré d Anjou','beurre-d-anjou');
INSERT INTO onlineshop_variete VALUES(41,'Beurré des enfants nantais (I)','beurre-des-enfants-nantais-i');
INSERT INTO onlineshop_variete VALUES(42,'Beurré d Ardenpont','beurre-d-ardenpont');
INSERT INTO onlineshop_variete VALUES(43,'Beurré diel','beurre-diel');
INSERT INTO onlineshop_variete VALUES(44,'Beurré dumortier','beurre-dumortier');
INSERT INTO onlineshop_variete VALUES(45,'Beurre Giffard','beurre-giffard');
INSERT INTO onlineshop_variete VALUES(46,'Beurré gris de luçon','beurre-gris-de-lucon');
INSERT INTO onlineshop_variete VALUES(47,'Beurré Hardy','beurre-hardy');
INSERT INTO onlineshop_variete VALUES(48,'Beurré Naghin','beurre-naghin');
INSERT INTO onlineshop_variete VALUES(49,'Beurré six','beurre-six');
INSERT INTO onlineshop_variete VALUES(50,'Beurré Superfin','beurre-superfin');
INSERT INTO onlineshop_variete VALUES(51,'Casteline','casteline');
INSERT INTO onlineshop_variete VALUES(52,'Champagne','champagne');
INSERT INTO onlineshop_variete VALUES(53,'Claps favourite','claps-favourite');
INSERT INTO onlineshop_variete VALUES(54,'Comtesse de Paris','comtesse-de-paris');
INSERT INTO onlineshop_variete VALUES(55,'Conférence','conference');
INSERT INTO onlineshop_variete VALUES(56,'De dames','de-dames');
INSERT INTO onlineshop_variete VALUES(57,'Doyenné d Alençon (I)','doyenne-d-alencon-i');
INSERT INTO onlineshop_variete VALUES(58,'Doyenné Defays','doyenne-defays');
INSERT INTO onlineshop_variete VALUES(59,'Doyenné d Hiver','doyenne-d-hiver');
INSERT INTO onlineshop_variete VALUES(60,'Doyenné du Comice','doyenne-du-comice');
INSERT INTO onlineshop_variete VALUES(61,'Doyenné Perrault','doyenne-perrault');
INSERT INTO onlineshop_variete VALUES(62,'Duc de Bordeaux','duc-de-bordeaux');
INSERT INTO onlineshop_variete VALUES(63,'Duc de nemours','duc-de-nemours');
INSERT INTO onlineshop_variete VALUES(64,'Duchesse d Angoulême','duchesse-d-angouleme');
INSERT INTO onlineshop_variete VALUES(65,'Fausset','fausset');
INSERT INTO onlineshop_variete VALUES(66,'Figue d''Alençon (I)','figue-dalencon-i');
INSERT INTO onlineshop_variete VALUES(67,'Fondante de la maître école','fondante-de-la-maitre-ecole');
INSERT INTO onlineshop_variete VALUES(68,'Franc roux','franc-roux');
INSERT INTO onlineshop_variete VALUES(69,'Général Leclerc','general-leclerc');
INSERT INTO onlineshop_variete VALUES(70,'Gorham','gorham');
INSERT INTO onlineshop_variete VALUES(71,'Grand Champion','grand-champion');
INSERT INTO onlineshop_variete VALUES(72,'Jalousie de fontenay','jalousie-de-fontenay');
INSERT INTO onlineshop_variete VALUES(73,'Jeanne d Arc','jeanne-d-arc');
INSERT INTO onlineshop_variete VALUES(74,'Jules Guyot','jules-guyot');
INSERT INTO onlineshop_variete VALUES(75,'Le Lectier','le-lectier');
INSERT INTO onlineshop_variete VALUES(76,'Louise Bonne d Avranches','louise-bonne-d-avranches');
INSERT INTO onlineshop_variete VALUES(77,'Marguerite Marillat','marguerite-marillat');
INSERT INTO onlineshop_variete VALUES(78,'Marie Benoist','marie-benoist');
INSERT INTO onlineshop_variete VALUES(79,'Mariette de Millepieds','mariette-de-millepieds');
INSERT INTO onlineshop_variete VALUES(80,'Martin sec','martin-sec');
INSERT INTO onlineshop_variete VALUES(81,'Mme Ballet','mme-ballet');
INSERT INTO onlineshop_variete VALUES(82,'Moque friand (morfriand)','moque-friand-morfriand');
INSERT INTO onlineshop_variete VALUES(83,'Nain vert','nain-vert');
INSERT INTO onlineshop_variete VALUES(84,'Olivier de Serres','olivier-de-serres');
INSERT INTO onlineshop_variete VALUES(85,'Orange mandarine','orange-mandarine');
INSERT INTO onlineshop_variete VALUES(86,'Passe Colmar','passe-colmar');
INSERT INTO onlineshop_variete VALUES(87,'Passe Crassane','passe-crassane');
INSERT INTO onlineshop_variete VALUES(88,'Perrotier','perrotier');
INSERT INTO onlineshop_variete VALUES(89,'Pierre corneille','pierre-corneille');
INSERT INTO onlineshop_variete VALUES(90,'Plant de blanc','plant-de-blanc');
INSERT INTO onlineshop_variete VALUES(91,'Poiré bois robert','poire-bois-robert');
INSERT INTO onlineshop_variete VALUES(92,'Poire cloche','poire-cloche');
INSERT INTO onlineshop_variete VALUES(93,'Poire Curé','poire-cure');
INSERT INTO onlineshop_variete VALUES(94,'Poire de fise','poire-de-fise');
INSERT INTO onlineshop_variete VALUES(95,'Poire de robion','poire-de-robion');
INSERT INTO onlineshop_variete VALUES(96,'Poire de toupe','poire-de-toupe');
INSERT INTO onlineshop_variete VALUES(97,'Poiré Gasnier','poire-gasnier');
INSERT INTO onlineshop_variete VALUES(98,'Poire Madeleine/citron des carmes','poire-madeleinecitron-des-carmes');
INSERT INTO onlineshop_variete VALUES(99,'Poire monsieur','poire-monsieur');
INSERT INTO onlineshop_variete VALUES(100,'Poiriou','poiriou');
INSERT INTO onlineshop_variete VALUES(101,'Précoce de trévoux','precoce-de-trevoux');
INSERT INTO onlineshop_variete VALUES(102,'Président drouard','president-drouard');
INSERT INTO onlineshop_variete VALUES(103,'President Heron','president-heron');
INSERT INTO onlineshop_variete VALUES(104,'Seckle','seckle');
INSERT INTO onlineshop_variete VALUES(105,'Soeur Grégoire','soeur-gregoire');
INSERT INTO onlineshop_variete VALUES(106,'Soldat laboureur','soldat-laboureur');
INSERT INTO onlineshop_variete VALUES(107,'Sucré de montluçon','sucre-de-montlucon');
INSERT INTO onlineshop_variete VALUES(108,'Super comice','super-comice');
INSERT INTO onlineshop_variete VALUES(109,'Suprême de quimper','supreme-de-quimper');
INSERT INTO onlineshop_variete VALUES(110,'Triomphe de jodoigne','triomphe-de-jodoigne');
INSERT INTO onlineshop_variete VALUES(111,'Triomphe de Trélazé','triomphe-de-trelaze');
INSERT INTO onlineshop_variete VALUES(112,'Triomphe de vienne','triomphe-de-vienne');
INSERT INTO onlineshop_variete VALUES(113,'Verte longue d Angers','verte-longue-d-angers');
INSERT INTO onlineshop_variete VALUES(114,'Virginie Baltet','virginie-baltet');
INSERT INTO onlineshop_variete VALUES(115,'William faure','william-faure');
INSERT INTO onlineshop_variete VALUES(116,'William jaune','william-jaune');
INSERT INTO onlineshop_variete VALUES(117,'William précoce','william-precoce');
INSERT INTO onlineshop_variete VALUES(118,'William rouge','william-rouge');
INSERT INTO onlineshop_variete VALUES(119,'Xenia Novembra','xenia-novembra');
INSERT INTO onlineshop_variete VALUES(120,'Beurré Lebrun','beurre-lebrun');
INSERT INTO onlineshop_variete VALUES(121,'Poire à clément','poire-a-clement');
INSERT INTO onlineshop_variete VALUES(122,'André Desportes','andre-desportes');
INSERT INTO onlineshop_variete VALUES(123,'Bonneserre de Saint-Denis','bonneserre-de-saint-denis');
INSERT INTO onlineshop_variete VALUES(124,'Bigarreau blanc bodet','bigarreau-blanc-bodet');
INSERT INTO onlineshop_variete VALUES(125,'Blanche de la sarthe','blanche-de-la-sarthe');
INSERT INTO onlineshop_variete VALUES(126,'Burlat','burlat');
INSERT INTO onlineshop_variete VALUES(127,'Castor','castor');
INSERT INTO onlineshop_variete VALUES(128,'Coeur de pigeon','coeur-de-pigeon');
INSERT INTO onlineshop_variete VALUES(129,'Folfer','folfer');
INSERT INTO onlineshop_variete VALUES(130,'Guigne de mai','guigne-de-mai');
INSERT INTO onlineshop_variete VALUES(131,'Hedelfingen','hedelfingen');
INSERT INTO onlineshop_variete VALUES(132,'Jaune Tesnières','jaune-tesnieres');
INSERT INTO onlineshop_variete VALUES(133,'Lapins','lapins');
INSERT INTO onlineshop_variete VALUES(134,'Marmotte','marmotte');
INSERT INTO onlineshop_variete VALUES(135,'Montmorency','montmorency');
INSERT INTO onlineshop_variete VALUES(136,'Moreau','moreau');
INSERT INTO onlineshop_variete VALUES(137,'Napoléon','napoleon');
INSERT INTO onlineshop_variete VALUES(138,'Rainier','rainier');
INSERT INTO onlineshop_variete VALUES(139,'Reverchon','reverchon');
INSERT INTO onlineshop_variete VALUES(140,'Starkgold','starkgold');
INSERT INTO onlineshop_variete VALUES(141,'Van','van');
INSERT INTO onlineshop_variete VALUES(142,'Esperen','esperen');
INSERT INTO onlineshop_variete VALUES(143,'Geant de Starck','geant-de-starck');
INSERT INTO onlineshop_variete VALUES(144,'Regina','regina');
INSERT INTO onlineshop_variete VALUES(145,'Bergeron','bergeron');
INSERT INTO onlineshop_variete VALUES(146,'Hargrand','hargrand');
INSERT INTO onlineshop_variete VALUES(147,'Luizet','luizet');
INSERT INTO onlineshop_variete VALUES(148,'Merveille du dauphiné','merveille-du-dauphine');
INSERT INTO onlineshop_variete VALUES(149,'Orangered','orangered');
INSERT INTO onlineshop_variete VALUES(150,'Pêche de Nancy','peche-de-nancy');
INSERT INTO onlineshop_variete VALUES(151,'Polonais','polonais');
INSERT INTO onlineshop_variete VALUES(152,'Precoce de Saumur','precoce-de-saumur');
INSERT INTO onlineshop_variete VALUES(153,'Rouge du roussillon','rouge-du-roussillon');
INSERT INTO onlineshop_variete VALUES(154,'Royal','royal');
INSERT INTO onlineshop_variete VALUES(155,'Tardif de Bordaneil','tardif-de-bordaneil');
INSERT INTO onlineshop_variete VALUES(156,'Anna spath','anna-spath');
INSERT INTO onlineshop_variete VALUES(157,'Bonne de Brie','bonne-de-brie');
INSERT INTO onlineshop_variete VALUES(158,'Brissette','brissette');
INSERT INTO onlineshop_variete VALUES(159,'Datil','datil');
INSERT INTO onlineshop_variete VALUES(160,'Imperiale','imperiale');
INSERT INTO onlineshop_variete VALUES(161,'Mirabelle de Metz','mirabelle-de-metz');
INSERT INTO onlineshop_variete VALUES(162,'Mirabelle de Nancy','mirabelle-de-nancy');
INSERT INTO onlineshop_variete VALUES(163,'Mirabelle Villers','mirabelle-villers');
INSERT INTO onlineshop_variete VALUES(164,'Noberte','noberte');
INSERT INTO onlineshop_variete VALUES(165,'Pr Abricot RC','pr-abricot-rc');
INSERT INTO onlineshop_variete VALUES(166,'Président','president');
INSERT INTO onlineshop_variete VALUES(167,'Prune d Agen','prune-d-agen');
INSERT INTO onlineshop_variete VALUES(168,'Prune d Ente','prune-d-ente');
INSERT INTO onlineshop_variete VALUES(169,'Prune des Béjonnières','prune-des-bejonnieres');
INSERT INTO onlineshop_variete VALUES(170,'Quetsche d Alsace','quetsche-d-alsace');
INSERT INTO onlineshop_variete VALUES(171,'RC Bavay','rc-bavay');
INSERT INTO onlineshop_variete VALUES(172,'RC diaphane','rc-diaphane');
INSERT INTO onlineshop_variete VALUES(173,'RC dorée','rc-doree');
INSERT INTO onlineshop_variete VALUES(174,'RC d Oullins','rc-d-oullins');
INSERT INTO onlineshop_variete VALUES(175,'RC verte','rc-verte');
INSERT INTO onlineshop_variete VALUES(176,'RC violette','rc-violette');
INSERT INTO onlineshop_variete VALUES(177,'Reine victoria','reine-victoria');
INSERT INTO onlineshop_variete VALUES(178,'Verte bonne','verte-bonne');
INSERT INTO onlineshop_variete VALUES(179,'Bleue ribbon','bleue-ribbon');
INSERT INTO onlineshop_variete VALUES(180,'Leon Hisse','leon-hisse');
INSERT INTO onlineshop_variete VALUES(181,'M. hatif','m-hatif');
INSERT INTO onlineshop_variete VALUES(182,'M. jaune','m-jaune');
INSERT INTO onlineshop_variete VALUES(183,'Noire cachan','noire-cachan');
INSERT INTO onlineshop_variete VALUES(184,'Prune de vars','prune-de-vars');
INSERT INTO onlineshop_variete VALUES(185,'Stanley','stanley');
INSERT INTO onlineshop_variete VALUES(186,'Valor','valor');
INSERT INTO onlineshop_variete VALUES(187,'Anisha II','anisha-ii');
INSERT INTO onlineshop_variete VALUES(188,'Api étoilé','api-etoile');
INSERT INTO onlineshop_variete VALUES(189,'Armateur','armateur');
INSERT INTO onlineshop_variete VALUES(190,'Astrakan rouge','astrakan-rouge');
INSERT INTO onlineshop_variete VALUES(191,'Avrolles','avrolles');
INSERT INTO onlineshop_variete VALUES(192,'Baron de Bearlpech','baron-de-bearlpech');
INSERT INTO onlineshop_variete VALUES(193,'Bastien','bastien');
INSERT INTO onlineshop_variete VALUES(194,'Bec corbin','bec-corbin');
INSERT INTO onlineshop_variete VALUES(195,'Bedan','bedan');
INSERT INTO onlineshop_variete VALUES(196,'Belle de Boskoop','belle-de-boskoop');
INSERT INTO onlineshop_variete VALUES(197,'Belle de Boskoop rouge','belle-de-boskoop-rouge');
INSERT INTO onlineshop_variete VALUES(198,'Belle de Boskoop villers','belle-de-boskoop-villers');
INSERT INTO onlineshop_variete VALUES(199,'Belle de pontoise','belle-de-pontoise');
INSERT INTO onlineshop_variete VALUES(200,'Belle ente','belle-ente');
INSERT INTO onlineshop_variete VALUES(201,'Belle fille de Salins','belle-fille-de-salins');
INSERT INTO onlineshop_variete VALUES(202,'Belle fleur villers','belle-fleur-villers');
INSERT INTO onlineshop_variete VALUES(203,'Bellefontaine','bellefontaine');
INSERT INTO onlineshop_variete VALUES(204,'Benedictin','benedictin');
INSERT INTO onlineshop_variete VALUES(205,'Blanc sur','blanc-sur');
INSERT INTO onlineshop_variete VALUES(206,'Bonne hotture','bonne-hotture');
INSERT INTO onlineshop_variete VALUES(207,'Bonne hotture BG','bonne-hotture-bg');
INSERT INTO onlineshop_variete VALUES(208,'Bouet de bonnetable','bouet-de-bonnetable');
INSERT INTO onlineshop_variete VALUES(209,'Cafernanty','cafernanty');
INSERT INTO onlineshop_variete VALUES(210,'Calville blanc d hiver','calville-blanc-d-hiver');
INSERT INTO onlineshop_variete VALUES(211,'Calville du roi','calville-du-roi');
INSERT INTO onlineshop_variete VALUES(212,'Calville rouge','calville-rouge');
INSERT INTO onlineshop_variete VALUES(213,'Calville rouge d hiver','calville-rouge-d-hiver');
INSERT INTO onlineshop_variete VALUES(214,'Calville saint sauveur','calville-saint-sauveur');
INSERT INTO onlineshop_variete VALUES(215,'Canada blanc','canada-blanc');
INSERT INTO onlineshop_variete VALUES(216,'Canada grise','canada-grise');
INSERT INTO onlineshop_variete VALUES(217,'Cassou','cassou');
INSERT INTO onlineshop_variete VALUES(218,'Chailleux','chailleux');
INSERT INTO onlineshop_variete VALUES(219,'Chailleux gros','chailleux-gros');
INSERT INTO onlineshop_variete VALUES(220,'Chailleux Michel','chailleux-michel');
INSERT INTO onlineshop_variete VALUES(221,'Chailleux type','chailleux-type');
INSERT INTO onlineshop_variete VALUES(222,'Chataignier','chataignier');
INSERT INTO onlineshop_variete VALUES(223,'Ciré rouge','cire-rouge');
INSERT INTO onlineshop_variete VALUES(224,'Cloche','cloche');
INSERT INTO onlineshop_variete VALUES(225,'Coco d issé','coco-d-isse');
INSERT INTO onlineshop_variete VALUES(226,'Coeur de boeuf','coeur-de-boeuf');
INSERT INTO onlineshop_variete VALUES(227,'Colapuy','colapuy');
INSERT INTO onlineshop_variete VALUES(228,'Colapuy d Hiver','colapuy-d-hiver');
INSERT INTO onlineshop_variete VALUES(229,'Court pendu gris','court-pendu-gris');
INSERT INTO onlineshop_variete VALUES(230,'Court pendu rouge','court-pendu-rouge');
INSERT INTO onlineshop_variete VALUES(231,'Cox gros','cox-gros');
INSERT INTO onlineshop_variete VALUES(232,'Cox Orange','cox-orange');
INSERT INTO onlineshop_variete VALUES(233,'Crassoux','crassoux');
INSERT INTO onlineshop_variete VALUES(234,'Dalinette (choupette)','dalinette-choupette');
INSERT INTO onlineshop_variete VALUES(235,'Damelo','damelo');
INSERT INTO onlineshop_variete VALUES(236,'De coudre','de-coudre');
INSERT INTO onlineshop_variete VALUES(237,'De fer','de-fer');
INSERT INTO onlineshop_variete VALUES(238,'De l Estre (Sainte Germaine)','de-l-estre-sainte-germaine');
INSERT INTO onlineshop_variete VALUES(239,'De tendre','de-tendre');
INSERT INTO onlineshop_variete VALUES(240,'D orange','d-orange');
INSERT INTO onlineshop_variete VALUES(241,'Double belle fleur','double-belle-fleur');
INSERT INTO onlineshop_variete VALUES(242,'Doux amer bras','doux-amer-bras');
INSERT INTO onlineshop_variete VALUES(243,'Doux d Argent','doux-d-argent');
INSERT INTO onlineshop_variete VALUES(244,'Drap d Or','drap-d-or');
INSERT INTO onlineshop_variete VALUES(245,'Du prieuré','du-prieure');
INSERT INTO onlineshop_variete VALUES(246,'Echalier','echalier');
INSERT INTO onlineshop_variete VALUES(247,'Elstar','elstar');
INSERT INTO onlineshop_variete VALUES(248,'Fenouillet gris','fenouillet-gris');
INSERT INTO onlineshop_variete VALUES(249,'Florina','florina');
INSERT INTO onlineshop_variete VALUES(250,'Fremy','fremy');
INSERT INTO onlineshop_variete VALUES(251,'Frequin rouge','frequin-rouge');
INSERT INTO onlineshop_variete VALUES(252,'Frequinette','frequinette');
INSERT INTO onlineshop_variete VALUES(253,'Gala','gala');
INSERT INTO onlineshop_variete VALUES(254,'Galeuse','galeuse');
INSERT INTO onlineshop_variete VALUES(255,'Gitane','gitane');
INSERT INTO onlineshop_variete VALUES(256,'Grain d or','grain-d-or');
INSERT INTO onlineshop_variete VALUES(257,'Gravenstein','gravenstein');
INSERT INTO onlineshop_variete VALUES(258,'Grise de France','grise-de-france');
INSERT INTO onlineshop_variete VALUES(259,'Gros locard','gros-locard');
INSERT INTO onlineshop_variete VALUES(260,'Gros vert','gros-vert');
INSERT INTO onlineshop_variete VALUES(261,'Groseille','groseille');
INSERT INTO onlineshop_variete VALUES(262,'Guilevic','guilevic');
INSERT INTO onlineshop_variete VALUES(263,'Improved Black Stayman','improved-black-stayman');
INSERT INTO onlineshop_variete VALUES(264,'Jonagold','jonagold');
INSERT INTO onlineshop_variete VALUES(265,'Jubilé (Delgollune)','jubile-delgollune');
INSERT INTO onlineshop_variete VALUES(266,'Judeline','judeline');
INSERT INTO onlineshop_variete VALUES(267,'Judin','judin');
INSERT INTO onlineshop_variete VALUES(268,'Judor','judor');
INSERT INTO onlineshop_variete VALUES(269,'Juliette','juliette');
INSERT INTO onlineshop_variete VALUES(270,'Karminj','karminj');
INSERT INTO onlineshop_variete VALUES(271,'La safranerie','la-safranerie');
INSERT INTO onlineshop_variete VALUES(272,'Locard blanc','locard-blanc');
INSERT INTO onlineshop_variete VALUES(273,'Locard rouge','locard-rouge');
INSERT INTO onlineshop_variete VALUES(274,'Locard vert','locard-vert');
INSERT INTO onlineshop_variete VALUES(275,'Lochard','lochard');
INSERT INTO onlineshop_variete VALUES(276,'Madeleine','madeleine');
INSERT INTO onlineshop_variete VALUES(277,'Marie Menard','marie-menard');
INSERT INTO onlineshop_variete VALUES(278,'Melrose','melrose');
INSERT INTO onlineshop_variete VALUES(279,'Mercier','mercier');
INSERT INTO onlineshop_variete VALUES(280,'Mouche creuse','mouche-creuse');
INSERT INTO onlineshop_variete VALUES(281,'Ombrée','ombree');
INSERT INTO onlineshop_variete VALUES(282,'Opale','opale');
INSERT INTO onlineshop_variete VALUES(283,'Patte de loup','patte-de-loup');
INSERT INTO onlineshop_variete VALUES(284,'Peau de vache','peau-de-vache');
INSERT INTO onlineshop_variete VALUES(285,'Pepin Coignard','pepin-coignard');
INSERT INTO onlineshop_variete VALUES(286,'Pepin Meunier','pepin-meunier');
INSERT INTO onlineshop_variete VALUES(287,'Petit doux','petit-doux');
INSERT INTO onlineshop_variete VALUES(288,'Petit jaune bonsergent','petit-jaune-bonsergent');
INSERT INTO onlineshop_variete VALUES(289,'Petit jaune tardif','petit-jaune-tardif');
INSERT INTO onlineshop_variete VALUES(290,'Pierre','pierre');
INSERT INTO onlineshop_variete VALUES(291,'Pigeonnet','pigeonnet');
INSERT INTO onlineshop_variete VALUES(292,'Piment','piment');
INSERT INTO onlineshop_variete VALUES(293,'Pomme-poire d Ile et Vilaine','pomme-poire-d-ile-et-vilaine');
INSERT INTO onlineshop_variete VALUES(294,'Rambour d été','rambour-d-ete');
INSERT INTO onlineshop_variete VALUES(295,'Rambour d hiver','rambour-d-hiver');
INSERT INTO onlineshop_variete VALUES(296,'Rebillard','rebillard');
INSERT INTO onlineshop_variete VALUES(297,'Reine des reinettes','reine-des-reinettes');
INSERT INTO onlineshop_variete VALUES(298,'Reinet gris','reinet-gris');
INSERT INTO onlineshop_variete VALUES(299,'Reinette Ausseur','reinette-ausseur');
INSERT INTO onlineshop_variete VALUES(300,'Reinette Baumann','reinette-baumann');
INSERT INTO onlineshop_variete VALUES(301,'Reinette Clochard','reinette-clochard');
INSERT INTO onlineshop_variete VALUES(302,'Reinette Clochard Bel air','reinette-clochard-bel-air');
INSERT INTO onlineshop_variete VALUES(303,'Reinette clochard grise','reinette-clochard-grise');
INSERT INTO onlineshop_variete VALUES(304,'Reinette d Angleterre','reinette-d-angleterre');
INSERT INTO onlineshop_variete VALUES(305,'Reinette d Armorique','reinette-d-armorique');
INSERT INTO onlineshop_variete VALUES(306,'Reinette de Saint Savin (des alleuds)','reinette-de-saint-savin-des-alleuds');
INSERT INTO onlineshop_variete VALUES(307,'Reinette d Orleans','reinette-d-orleans');
INSERT INTO onlineshop_variete VALUES(308,'Reinette du Mans','reinette-du-mans');
INSERT INTO onlineshop_variete VALUES(309,'Reinette Dubuisson','reinette-dubuisson');
INSERT INTO onlineshop_variete VALUES(310,'Reinette franche','reinette-franche');
INSERT INTO onlineshop_variete VALUES(311,'Reinette grand mère','reinette-grand-mere');
INSERT INTO onlineshop_variete VALUES(312,'Reinette grand mère villemoisan','reinette-grand-mere-villemoisan');
INSERT INTO onlineshop_variete VALUES(313,'Reinette grise de Saintonge','reinette-grise-de-saintonge');
INSERT INTO onlineshop_variete VALUES(314,'Reinette piquée','reinette-piquee');
INSERT INTO onlineshop_variete VALUES(315,'Richared','richared');
INSERT INTO onlineshop_variete VALUES(316,'Rouget de Dol','rouget-de-dol');
INSERT INTO onlineshop_variete VALUES(317,'Rouget de Dol Prim','rouget-de-dol-prim');
INSERT INTO onlineshop_variete VALUES(318,'Royale d Angleterre','royale-d-angleterre');
INSERT INTO onlineshop_variete VALUES(319,'Rubinette','rubinette');
INSERT INTO onlineshop_variete VALUES(320,'Sans pareil de peasgood','sans-pareil-de-peasgood');
INSERT INTO onlineshop_variete VALUES(321,'Sign tilish','sign-tilish');
INSERT INTO onlineshop_variete VALUES(322,'Sucré de garenne','sucre-de-garenne');
INSERT INTO onlineshop_variete VALUES(323,'Tardive de la sarthe','tardive-de-la-sarthe');
INSERT INTO onlineshop_variete VALUES(324,'Teint frais','teint-frais');
INSERT INTO onlineshop_variete VALUES(325,'Transparente de Croncels','transparente-de-croncels');
INSERT INTO onlineshop_variete VALUES(326,'Type avrolles bonsergent','type-avrolles-bonsergent');
INSERT INTO onlineshop_variete VALUES(327,'Violine','violine');
INSERT INTO onlineshop_variete VALUES(328,'Vista bella','vista-bella');
INSERT INTO onlineshop_variete VALUES(329,'Winter Banana','winter-banana');
INSERT INTO onlineshop_variete VALUES(330,'Azeroli anisé','azeroli-anise');
INSERT INTO onlineshop_variete VALUES(331,'Jeanne Hardy','jeanne-hardy');
INSERT INTO onlineshop_variete VALUES(332,'Pilot','pilot');
INSERT INTO onlineshop_variete VALUES(333,'Pirouette','pirouette');
INSERT INTO onlineshop_variete VALUES(334,'Reinette Abri','reinette-abri');
INSERT INTO onlineshop_variete VALUES(335,'Reinette de Bayeux','reinette-de-bayeux');
INSERT INTO onlineshop_variete VALUES(336,'Andega','andega');
INSERT INTO onlineshop_variete VALUES(337,'Bigno','bigno');
INSERT INTO onlineshop_variete VALUES(338,'Géant de boskoop','geant-de-boskoop');
INSERT INTO onlineshop_variete VALUES(339,'Royal de naples','royal-de-naples');
INSERT INTO onlineshop_variete VALUES(340,'Anita','anita');
INSERT INTO onlineshop_variete VALUES(341,'Rita','rita');
INSERT INTO onlineshop_variete VALUES(342,'Versaillaise blanche','versaillaise-blanche');
INSERT INTO onlineshop_variete VALUES(343,'Versaillaise rouge','versaillaise-rouge');
INSERT INTO onlineshop_variete VALUES(344,'Himmomaki','himmomaki');
INSERT INTO onlineshop_variete VALUES(345,'Douce de Champagne','douce-de-champagne');
INSERT INTO onlineshop_variete VALUES(346,'Princesse','princesse');
INSERT INTO onlineshop_variete VALUES(347,'Arromatnaya','arromatnaya');
INSERT INTO onlineshop_variete VALUES(348,'Champion','champion');
INSERT INTO onlineshop_variete VALUES(349,'Portugais','portugais');
INSERT INTO onlineshop_variete VALUES(350,'Geant de vranja','geant-de-vranja');
INSERT INTO onlineshop_variete VALUES(351,'Hosui','hosui');
INSERT INTO onlineshop_variete VALUES(352,'Niitaki','niitaki');
INSERT INTO onlineshop_variete VALUES(353,'Gros d','gros-d');
INSERT INTO onlineshop_variete VALUES(354,'Nottingham','nottingham');
CREATE TABLE IF NOT EXISTS order_cartdb (id INT NOT NULL PRIMARY KEY AUTO_INCREMENT, qte INT NOT NULL, prix decimal NOT NULL, commande_id INT NOT NULL REFERENCES order_commande (id)ON DELETE CASCADE, produit_id bigint NOT NULL REFERENCES onlineshop_produit (id)ON DELETE CASCADE, total_line decimal NOT NULL);
INSERT INTO order_cartdb VALUES(56,6,15,1,1121,90);
INSERT INTO order_cartdb VALUES(57,10,15,1,966,150);
INSERT INTO order_cartdb VALUES(58,2,15,1,274,30);
INSERT INTO order_cartdb VALUES(59,5,15,2,960,75);
INSERT INTO order_cartdb VALUES(60,6,15,2,963,90);
INSERT INTO order_cartdb VALUES(61,5,15,3,960,75);
INSERT INTO order_cartdb VALUES(62,6,15,3,963,90);
INSERT INTO order_cartdb VALUES(63,11,15,4,505,165);
INSERT INTO order_cartdb VALUES(64,10,15,4,938,150);
INSERT INTO order_cartdb VALUES(65,6,15,4,956,90);
INSERT INTO order_cartdb VALUES(66,10,15,4,480,150);
INSERT INTO order_cartdb VALUES(67,6,15,4,948,90);
INSERT INTO order_cartdb VALUES(68,3,15,5,505,45);
INSERT INTO order_cartdb VALUES(69,4,15,5,963,60);
INSERT INTO order_cartdb VALUES(70,8,15,5,938,120);
INSERT INTO order_cartdb VALUES(71,20,15,6,505,300);
INSERT INTO order_cartdb VALUES(72,10,15,6,288,150);
INSERT INTO order_cartdb VALUES(73,10,15,6,981,150);
INSERT INTO order_cartdb VALUES(74,1,15,7,505,15);
INSERT INTO order_cartdb VALUES(75,1,15,7,960,15);
INSERT INTO order_cartdb VALUES(76,1,15,8,505,15);
INSERT INTO order_cartdb VALUES(77,1,15,8,1121,15);
INSERT INTO order_cartdb VALUES(78,1,15,8,274,15);
INSERT INTO order_cartdb VALUES(79,12,10,9,505,120);
INSERT INTO order_cartdb VALUES(80,5,10,9,960,50);
INSERT INTO order_cartdb VALUES(81,10,10,9,964,100);
INSERT INTO order_cartdb VALUES(82,30,10,10,1121,300);
INSERT INTO order_cartdb VALUES(83,20,10,10,505,200);
INSERT INTO order_cartdb VALUES(84,10,10,10,960,100);
CREATE TABLE IF NOT EXISTS order_statut (
	id	INT NOT NULL UNIQUE,
	nom	TEXT NOT NULL UNIQUE,
	PRIMARY KEY(id AUTO_INCREMENT)
);
INSERT INTO order_statut VALUES(1,'Terminée');
INSERT INTO order_statut VALUES(2,'En cours');
INSERT INTO order_statut VALUES(3,'Annulée');
INSERT INTO order_statut VALUES(4,'Validée');
CREATE TABLE IF NOT EXISTS onlineshop_produit (id INT NOT NULL PRIMARY KEY AUTO_INCREMENT, nom VARCHAR(200) NOT NULL, slug VARCHAR(200) NOT NULL, description text NOT NULL, stock INT NOT NULL, available bool NOT NULL, espece_id bigint NOT NULL REFERENCES onlineshop_espece (id)ON DELETE CASCADE, portegreffe_id bigint NOT NULL REFERENCES onlineshop_portegreffe (id)ON DELETE CASCADE, spec_id bigint NULL REFERENCES onlineshop_spec (id)ON DELETE CASCADE, variete_id bigint NOT NULL REFERENCES onlineshop_variete (id)ON DELETE CASCADE, prix decimal NOT NULL);
INSERT INTO onlineshop_produit VALUES(1,'Pêche-Alberge-Franc','peche-alberge-franc','',0,1,1,1,1,1,15);
INSERT INTO onlineshop_produit VALUES(2,'Pêche−Amsden−Franc','pecheamsdenfranc','',0,1,1,1,NULL,2,15);
INSERT INTO onlineshop_produit VALUES(3,'Pêche−Arnaud III−Franc','pechearnaud-iiifranc','',0,1,1,1,NULL,3,15);
INSERT INTO onlineshop_produit VALUES(4,'Pêche−Arnaud III−St Ju','pechearnaud-iiist-ju','',0,1,1,2,NULL,3,15);
INSERT INTO onlineshop_produit VALUES(5,'Pêche−Benoni−Franc','pechebenonifranc','',0,1,1,1,NULL,4,15);
INSERT INTO onlineshop_produit VALUES(6,'Pêche−Benoni−St Ju','pechebenonist-ju','',0,1,1,2,NULL,4,15);
INSERT INTO onlineshop_produit VALUES(7,'Pêche−Brugnon de morton−Franc','pechebrugnon-de-mortonfranc','',0,1,1,1,NULL,5,15);
INSERT INTO onlineshop_produit VALUES(8,'Pêche−Brugnon de morton−St Ju','pechebrugnon-de-mortonst-ju','',0,1,1,2,NULL,5,15);
INSERT INTO onlineshop_produit VALUES(9,'Pêche−Charles Roux−Franc','pechecharles-rouxfranc','',0,1,1,1,NULL,6,15);
INSERT INTO onlineshop_produit VALUES(10,'Pêche−Charles Roux−St Ju','pechecharles-rouxst-ju','',0,1,1,2,NULL,6,15);
INSERT INTO onlineshop_produit VALUES(11,'Pêche−Dr Aribaud−Franc','pechedr-aribaudfranc','',0,1,1,1,NULL,7,15);
INSERT INTO onlineshop_produit VALUES(12,'Pêche−Dr Aribaud−St Ju','pechedr-aribaudst-ju','',0,1,1,2,NULL,7,15);
INSERT INTO onlineshop_produit VALUES(13,'Pêche−Fair haven−Franc','pechefair-havenfranc','',0,1,1,1,NULL,8,15);
INSERT INTO onlineshop_produit VALUES(14,'Pêche−Fair haven−St Ju','pechefair-havenst-ju','',0,1,1,2,NULL,8,15);
INSERT INTO onlineshop_produit VALUES(15,'Pêche−Feunten Wenn−Franc','pechefeunten-wennfranc','',0,1,1,1,NULL,10,15);
INSERT INTO onlineshop_produit VALUES(16,'Pêche−Feunten Wenn−St Ju','pechefeunten-wennst-ju','',0,1,1,2,NULL,10,15);
INSERT INTO onlineshop_produit VALUES(17,'Pêche−Felligui−Franc','pechefelliguifranc','',0,1,1,1,NULL,9,15);
INSERT INTO onlineshop_produit VALUES(18,'Pêche−Felligui−St Ju','pechefelliguist-ju','',0,1,1,2,NULL,9,15);
INSERT INTO onlineshop_produit VALUES(19,'Pêche−Gaillard 22−Franc','pechegaillard-22franc','',0,1,1,1,NULL,11,15);
INSERT INTO onlineshop_produit VALUES(20,'Pêche−Gaillard 22−St Ju','pechegaillard-22st-ju','',0,1,1,2,NULL,11,15);
INSERT INTO onlineshop_produit VALUES(21,'Pêche−Gaillard Girerd−Franc','pechegaillard-girerdfranc','',0,1,1,1,NULL,12,15);
INSERT INTO onlineshop_produit VALUES(22,'Pêche−Gaillard Girerd−St Ju','pechegaillard-girerdst-ju','',0,1,1,2,NULL,12,15);
INSERT INTO onlineshop_produit VALUES(23,'Pêche−Guillou élégante−Franc','pecheguillou-elegantefranc','',0,1,1,1,NULL,14,15);
INSERT INTO onlineshop_produit VALUES(24,'Pêche−Guillou élégante−St Ju','pecheguillou-elegantest-ju','',0,1,1,2,NULL,14,15);
INSERT INTO onlineshop_produit VALUES(25,'Pêche−Grosse mignonne−Franc','pechegrosse-mignonnefranc','',0,1,1,1,NULL,13,15);
INSERT INTO onlineshop_produit VALUES(26,'Pêche−Grosse mignonne−St Ju','pechegrosse-mignonnest-ju','',0,1,1,2,NULL,13,15);
INSERT INTO onlineshop_produit VALUES(27,'Pêche−Invincible Guilloux−Franc','pecheinvincible-guillouxfranc','',0,1,1,1,NULL,15,15);
INSERT INTO onlineshop_produit VALUES(28,'Pêche−Invincible Guilloux−St Ju','pecheinvincible-guillouxst-ju','',0,1,1,2,NULL,15,15);
INSERT INTO onlineshop_produit VALUES(29,'Pêche−Mme Girard−Franc','pechemme-girardfranc','',0,1,1,1,NULL,16,15);
INSERT INTO onlineshop_produit VALUES(30,'Pêche−Mme Girard−St Ju','pechemme-girardst-ju','',0,1,1,2,NULL,16,15);
INSERT INTO onlineshop_produit VALUES(31,'Pêche−Mme Guilloux−Franc','pechemme-guillouxfranc','',0,1,1,1,NULL,17,15);
INSERT INTO onlineshop_produit VALUES(32,'Pêche−Mme Guilloux−St Ju','pechemme-guillouxst-ju','',0,1,1,2,NULL,17,15);
INSERT INTO onlineshop_produit VALUES(33,'Pêche−Nectarose−Franc','pechenectarosefranc','',0,1,1,1,NULL,18,15);
INSERT INTO onlineshop_produit VALUES(34,'Pêche−Nectarose−St Ju','pechenectarosest-ju','',0,1,1,2,NULL,18,15);
INSERT INTO onlineshop_produit VALUES(35,'Pêche−Nelly−Franc','pechenellyfranc','',0,1,1,1,NULL,19,15);
INSERT INTO onlineshop_produit VALUES(36,'Pêche−Nelly−St Ju','pechenellyst-ju','',0,1,1,2,NULL,19,15);
INSERT INTO onlineshop_produit VALUES(37,'Pêche−Pêche miel−Franc','pechepeche-mielfranc','',0,1,1,1,NULL,20,15);
INSERT INTO onlineshop_produit VALUES(38,'Pêche−Pêche miel−St Ju','pechepeche-mielst-ju','',0,1,1,2,NULL,20,15);
INSERT INTO onlineshop_produit VALUES(39,'Pêche−Pineapple−Franc','pechepineapplefranc','',0,1,1,1,NULL,21,15);
INSERT INTO onlineshop_produit VALUES(40,'Pêche−Pineapple−St Ju','pechepineapplest-ju','',0,1,1,2,NULL,21,15);
INSERT INTO onlineshop_produit VALUES(41,'Pêche−Pitaval−Franc','pechepitavalfranc','',0,1,1,1,NULL,22,15);
INSERT INTO onlineshop_produit VALUES(42,'Pêche−Pitaval−St Ju','pechepitavalst-ju','',0,1,1,2,NULL,22,15);
INSERT INTO onlineshop_produit VALUES(43,'Pêche−Rochester−Franc','pecherochesterfranc','',0,1,1,1,NULL,24,15);
INSERT INTO onlineshop_produit VALUES(44,'Pêche−Rochester−St Ju','pecherochesterst-ju','',0,1,1,2,NULL,24,15);
INSERT INTO onlineshop_produit VALUES(45,'Pêche−Rouge Julien−Franc','pecherouge-julienfranc','',0,1,1,1,NULL,25,15);
INSERT INTO onlineshop_produit VALUES(46,'Pêche−Rouge Julien−St Ju','pecherouge-julienst-ju','',0,1,1,2,NULL,25,15);
INSERT INTO onlineshop_produit VALUES(47,'Pêche−Roussane de Rodez−Franc','pecheroussane-de-rodezfranc','',0,1,1,1,NULL,26,15);
INSERT INTO onlineshop_produit VALUES(48,'Pêche−Roussane de Rodez−St Ju','pecheroussane-de-rodezst-ju','',0,1,1,2,NULL,26,15);
INSERT INTO onlineshop_produit VALUES(49,'Pêche−Roussane royale−Franc','pecheroussane-royalefranc','',0,1,1,1,NULL,27,15);
INSERT INTO onlineshop_produit VALUES(50,'Pêche−Roussane royale−St Ju','pecheroussane-royalest-ju','',0,1,1,2,NULL,27,15);
INSERT INTO onlineshop_produit VALUES(51,'Pêche−Reine des vergers−Franc','pechereine-des-vergersfranc','',0,1,1,1,NULL,23,15);
INSERT INTO onlineshop_produit VALUES(52,'Pêche−Reine des vergers−St Ju','pechereine-des-vergersst-ju','',0,1,1,2,NULL,23,15);
INSERT INTO onlineshop_produit VALUES(53,'Pêche−Surpasse Amsden−Franc','pechesurpasse-amsdenfranc','',0,1,1,1,NULL,28,15);
INSERT INTO onlineshop_produit VALUES(54,'Pêche−Surpasse Amsden−St Ju','pechesurpasse-amsdenst-ju','',0,1,1,2,NULL,28,15);
INSERT INTO onlineshop_produit VALUES(202,'Poires−Xenia Novembra−CP','poiresxenia-novembracp','',0,1,1,3,NULL,119,15);
INSERT INTO onlineshop_produit VALUES(203,'Poires−Xenia Novembra−Franc','poiresxenia-novembrafranc','',0,1,1,1,NULL,119,15);
INSERT INTO onlineshop_produit VALUES(250,'Cerise−Blanche de la sarthe−Colt','ceriseblanche-de-la-sarthecolt','',0,1,3,4,NULL,125,15);
INSERT INTO onlineshop_produit VALUES(251,'Cerise−Blanche de la sarthe−Pont','ceriseblanche-de-la-sarthepont','',0,1,3,5,NULL,125,15);
INSERT INTO onlineshop_produit VALUES(252,'Cerise−Bigarreau blanc bodet−Colt','cerisebigarreau-blanc-bodetcolt','',0,1,3,4,NULL,124,15);
INSERT INTO onlineshop_produit VALUES(253,'Cerise−Bigarreau blanc bodet−Pont','cerisebigarreau-blanc-bodetpont','',0,1,3,5,NULL,124,15);
INSERT INTO onlineshop_produit VALUES(254,'Cerise−Burlat−Colt','ceriseburlatcolt','',40,1,3,4,NULL,126,15);
INSERT INTO onlineshop_produit VALUES(255,'Cerise−Burlat−Pont','ceriseburlatpont','',0,1,3,5,NULL,126,15);
INSERT INTO onlineshop_produit VALUES(256,'Cerise−Castor−Colt','cerisecastorcolt','',0,1,3,4,NULL,127,15);
INSERT INTO onlineshop_produit VALUES(257,'Cerise−Castor−Pont','cerisecastorpont','',0,1,3,5,NULL,127,15);
INSERT INTO onlineshop_produit VALUES(258,'Cerise−Coeur de pigeon−Colt','cerisecoeur-de-pigeoncolt','',0,1,3,4,NULL,128,15);
INSERT INTO onlineshop_produit VALUES(259,'Cerise−Coeur de pigeon−Pont','cerisecoeur-de-pigeonpont','',0,1,3,5,NULL,128,15);
INSERT INTO onlineshop_produit VALUES(260,'Cerise−Folfer−Colt','cerisefolfercolt','',0,1,3,4,NULL,129,15);
INSERT INTO onlineshop_produit VALUES(261,'Cerise−Folfer−Pont','cerisefolferpont','',0,1,3,5,NULL,129,15);
INSERT INTO onlineshop_produit VALUES(262,'Cerise−Guigne de mai−Colt','ceriseguigne-de-maicolt','',0,1,3,4,NULL,130,15);
INSERT INTO onlineshop_produit VALUES(263,'Cerise−Guigne de mai−Pont','ceriseguigne-de-maipont','',0,1,3,5,NULL,130,15);
INSERT INTO onlineshop_produit VALUES(264,'Cerise−Hedelfingen−Colt','cerisehedelfingencolt','',0,1,3,4,NULL,131,15);
INSERT INTO onlineshop_produit VALUES(265,'Cerise−Hedelfingen−Pont','cerisehedelfingenpont','',0,1,3,5,NULL,131,15);
INSERT INTO onlineshop_produit VALUES(266,'Cerise−Jaune Tesnières−Colt','cerisejaune-tesnierescolt','',0,1,3,4,NULL,132,15);
INSERT INTO onlineshop_produit VALUES(267,'Cerise−Jaune Tesnières−Pont','cerisejaune-tesnierespont','',0,1,3,5,NULL,132,15);
INSERT INTO onlineshop_produit VALUES(268,'Cerise−Lapins−Colt','ceriselapinscolt','',0,1,3,4,NULL,133,15);
INSERT INTO onlineshop_produit VALUES(269,'Cerise−Lapins−Pont','ceriselapinspont','',0,1,3,5,NULL,133,15);
INSERT INTO onlineshop_produit VALUES(270,'Cerise−Marmotte−Colt','cerisemarmottecolt','',0,1,3,4,NULL,134,15);
INSERT INTO onlineshop_produit VALUES(271,'Cerise−Marmotte−Pont','cerisemarmottepont','',0,1,3,5,NULL,134,15);
INSERT INTO onlineshop_produit VALUES(272,'Cerise−Montmorency−Colt','cerisemontmorencycolt','',0,1,3,4,NULL,135,15);
INSERT INTO onlineshop_produit VALUES(273,'Cerise−Montmorency−Pont','cerisemontmorencypont','',0,1,3,5,NULL,135,15);
INSERT INTO onlineshop_produit VALUES(274,'Cerise−Moreau−Colt','cerisemoreaucolt','',60,1,3,4,NULL,136,15);
INSERT INTO onlineshop_produit VALUES(275,'Cerise−Moreau−Pont','cerisemoreaupont','',0,1,3,5,NULL,136,15);
INSERT INTO onlineshop_produit VALUES(276,'Cerise−Napoléon−Colt','cerisenapoleoncolt','',0,1,3,4,NULL,137,15);
INSERT INTO onlineshop_produit VALUES(277,'Cerise−Napoléon−Pont','cerisenapoleonpont','',0,1,3,5,NULL,137,15);
INSERT INTO onlineshop_produit VALUES(278,'Cerise−Rainier−Colt','ceriserainiercolt','',0,1,3,4,NULL,138,15);
INSERT INTO onlineshop_produit VALUES(279,'Cerise−Rainier−Pont','ceriserainierpont','',0,1,3,5,NULL,138,15);
INSERT INTO onlineshop_produit VALUES(280,'Cerise−Reverchon−Colt','cerisereverchoncolt','',0,1,3,4,NULL,139,15);
INSERT INTO onlineshop_produit VALUES(281,'Cerise−Reverchon−Pont','cerisereverchonpont','',0,1,3,5,NULL,139,15);
INSERT INTO onlineshop_produit VALUES(282,'Cerise−Starkgold−Colt','cerisestarkgoldcolt','',0,1,3,4,NULL,140,15);
INSERT INTO onlineshop_produit VALUES(283,'Cerise−Starkgold−Pont','cerisestarkgoldpont','',0,1,3,5,NULL,140,15);
INSERT INTO onlineshop_produit VALUES(284,'Cerise−Van−Colt','cerisevancolt','',0,1,3,4,NULL,141,15);
INSERT INTO onlineshop_produit VALUES(285,'Cerise−Van−Pont','cerisevanpont','',0,1,3,5,NULL,141,15);
INSERT INTO onlineshop_produit VALUES(286,'Abricot−Bergeron−Rubira','abricotbergeronrubira','',40,1,4,6,NULL,145,15);
INSERT INTO onlineshop_produit VALUES(287,'Abricot−Bergeron−St Ju','abricotbergeronst-ju','',0,1,4,2,NULL,145,15);
INSERT INTO onlineshop_produit VALUES(288,'Abricot−Bergeron−Myro','abricotbergeronmyro','',20,1,4,7,NULL,145,15);
INSERT INTO onlineshop_produit VALUES(289,'Abricot−Hargrand−Rubira','abricothargrandrubira','',0,1,4,6,NULL,146,15);
INSERT INTO onlineshop_produit VALUES(290,'Abricot−Hargrand−St Ju','abricothargrandst-ju','',0,1,4,2,NULL,146,15);
INSERT INTO onlineshop_produit VALUES(291,'Abricot−Hargrand−Myro','abricothargrandmyro','',0,1,4,7,NULL,146,15);
INSERT INTO onlineshop_produit VALUES(292,'Abricot−Luizet−Rubira','abricotluizetrubira','',0,1,4,6,NULL,147,15);
INSERT INTO onlineshop_produit VALUES(293,'Abricot−Luizet−St Ju','abricotluizetst-ju','',0,1,4,2,NULL,147,15);
INSERT INTO onlineshop_produit VALUES(294,'Abricot−Luizet−Myro','abricotluizetmyro','',0,1,4,7,NULL,147,15);
INSERT INTO onlineshop_produit VALUES(295,'Abricot−Merveille du dauphiné−Rubira','abricotmerveille-du-dauphinerubira','',0,1,4,6,NULL,148,15);
INSERT INTO onlineshop_produit VALUES(296,'Abricot−Merveille du dauphiné−St Ju','abricotmerveille-du-dauphinest-ju','',0,1,4,2,NULL,148,15);
INSERT INTO onlineshop_produit VALUES(297,'Abricot−Merveille du dauphiné−Myro','abricotmerveille-du-dauphinemyro','',0,1,4,7,NULL,148,15);
INSERT INTO onlineshop_produit VALUES(298,'Abricot−Orangered−Rubira','abricotorangeredrubira','',0,1,4,6,NULL,149,15);
INSERT INTO onlineshop_produit VALUES(299,'Abricot−Orangered−St Ju','abricotorangeredst-ju','',0,1,4,2,NULL,149,15);
INSERT INTO onlineshop_produit VALUES(300,'Abricot−Orangered−Myro','abricotorangeredmyro','',0,1,4,7,NULL,149,15);
INSERT INTO onlineshop_produit VALUES(301,'Abricot−Pêche de Nancy−Rubira','abricotpeche-de-nancyrubira','',0,1,4,6,NULL,150,15);
INSERT INTO onlineshop_produit VALUES(302,'Abricot−Pêche de Nancy−St Ju','abricotpeche-de-nancyst-ju','',0,1,4,2,NULL,150,15);
INSERT INTO onlineshop_produit VALUES(303,'Abricot−Pêche de Nancy−Myro','abricotpeche-de-nancymyro','',0,1,4,7,NULL,150,15);
INSERT INTO onlineshop_produit VALUES(304,'Abricot−Polonais−Rubira','abricotpolonaisrubira','',0,1,4,6,NULL,151,15);
INSERT INTO onlineshop_produit VALUES(305,'Abricot−Polonais−St Ju','abricotpolonaisst-ju','',0,1,4,2,NULL,151,15);
INSERT INTO onlineshop_produit VALUES(306,'Abricot−Polonais−Myro','abricotpolonaismyro','',0,1,4,7,NULL,151,15);
INSERT INTO onlineshop_produit VALUES(307,'Abricot−Precoce de Saumur−Rubira','abricotprecoce-de-saumurrubira','',0,1,4,6,NULL,152,15);
INSERT INTO onlineshop_produit VALUES(308,'Abricot−Precoce de Saumur−St Ju','abricotprecoce-de-saumurst-ju','',0,1,4,2,NULL,152,15);
INSERT INTO onlineshop_produit VALUES(309,'Abricot−Precoce de Saumur−Myro','abricotprecoce-de-saumurmyro','',0,1,4,7,NULL,152,15);
INSERT INTO onlineshop_produit VALUES(310,'Abricot−Rouge du roussillon−Rubira','abricotrouge-du-roussillonrubira','',0,1,4,6,NULL,153,15);
INSERT INTO onlineshop_produit VALUES(311,'Abricot−Rouge du roussillon−St Ju','abricotrouge-du-roussillonst-ju','',0,1,4,2,NULL,153,15);
INSERT INTO onlineshop_produit VALUES(312,'Abricot−Rouge du roussillon−Myro','abricotrouge-du-roussillonmyro','',0,1,4,7,NULL,153,15);
INSERT INTO onlineshop_produit VALUES(313,'Abricot−Royal−Rubira','abricotroyalrubira','',0,1,4,6,NULL,154,15);
INSERT INTO onlineshop_produit VALUES(314,'Abricot−Royal−St Ju','abricotroyalst-ju','',0,1,4,2,NULL,154,15);
INSERT INTO onlineshop_produit VALUES(315,'Abricot−Royal−Myro','abricotroyalmyro','',0,1,4,7,NULL,154,15);
INSERT INTO onlineshop_produit VALUES(316,'Abricot−Tardif de Bordaneil−Rubira','abricottardif-de-bordaneilrubira','',0,1,4,6,NULL,155,15);
INSERT INTO onlineshop_produit VALUES(317,'Abricot−Tardif de Bordaneil−St Ju','abricottardif-de-bordaneilst-ju','',0,1,4,2,NULL,155,15);
INSERT INTO onlineshop_produit VALUES(318,'Abricot−Tardif de Bordaneil−Myro','abricottardif-de-bordaneilmyro','',0,1,4,7,NULL,155,15);
INSERT INTO onlineshop_produit VALUES(319,'Prune−Anna spath−St Ju','pruneanna-spathst-ju','',0,1,5,2,NULL,156,15);
INSERT INTO onlineshop_produit VALUES(320,'Prune−Anna spath−Myro','pruneanna-spathmyro','',0,1,5,7,NULL,156,15);
INSERT INTO onlineshop_produit VALUES(321,'Prune−Bonne de Brie−St Ju','prunebonne-de-briest-ju','',0,1,5,2,NULL,157,15);
INSERT INTO onlineshop_produit VALUES(322,'Prune−Bonne de Brie−Myro','prunebonne-de-briemyro','',0,1,5,7,NULL,157,15);
INSERT INTO onlineshop_produit VALUES(323,'Prune−Brissette−St Ju','prunebrissettest-ju','',0,1,5,2,NULL,158,15);
INSERT INTO onlineshop_produit VALUES(324,'Prune−Brissette−Myro','prunebrissettemyro','',0,1,5,7,NULL,158,15);
INSERT INTO onlineshop_produit VALUES(325,'Prune−Datil−St Ju','prunedatilst-ju','',0,1,5,2,NULL,159,15);
INSERT INTO onlineshop_produit VALUES(326,'Prune−Datil−Myro','prunedatilmyro','',0,1,5,7,NULL,159,15);
INSERT INTO onlineshop_produit VALUES(327,'Prune−Imperiale−St Ju','pruneimperialest-ju','',0,1,5,2,NULL,160,15);
INSERT INTO onlineshop_produit VALUES(328,'Prune−Imperiale−Myro','pruneimperialemyro','',0,1,5,7,NULL,160,15);
INSERT INTO onlineshop_produit VALUES(329,'Prune−Mirabelle de Metz−St Ju','prunemirabelle-de-metzst-ju','',0,1,5,2,NULL,161,15);
INSERT INTO onlineshop_produit VALUES(330,'Prune−Mirabelle de Metz−Myro','prunemirabelle-de-metzmyro','',0,1,5,7,NULL,161,15);
INSERT INTO onlineshop_produit VALUES(331,'Prune−Mirabelle de Nancy−St Ju','prunemirabelle-de-nancyst-ju','',0,1,5,2,NULL,162,15);
INSERT INTO onlineshop_produit VALUES(332,'Prune−Mirabelle de Nancy−Myro','prunemirabelle-de-nancymyro','',0,1,5,7,NULL,162,15);
INSERT INTO onlineshop_produit VALUES(333,'Prune−Mirabelle Villers−St Ju','prunemirabelle-villersst-ju','',0,1,5,2,NULL,163,15);
INSERT INTO onlineshop_produit VALUES(334,'Prune−Mirabelle Villers−Myro','prunemirabelle-villersmyro','',0,1,5,7,NULL,163,15);
INSERT INTO onlineshop_produit VALUES(335,'Prune−Noberte−St Ju','prunenobertest-ju','',0,1,5,2,NULL,164,15);
INSERT INTO onlineshop_produit VALUES(336,'Prune−Noberte−Myro','prunenobertemyro','',0,1,5,7,NULL,164,15);
INSERT INTO onlineshop_produit VALUES(337,'Prune−Pr Abricot RC−St Ju','prunepr-abricot-rcst-ju','',0,1,5,2,NULL,165,15);
INSERT INTO onlineshop_produit VALUES(338,'Prune−Pr Abricot RC−Myro','prunepr-abricot-rcmyro','',0,1,5,7,NULL,165,15);
INSERT INTO onlineshop_produit VALUES(339,'Prune−Président−St Ju','prunepresidentst-ju','',0,1,5,2,NULL,166,15);
INSERT INTO onlineshop_produit VALUES(340,'Prune−Président−Myro','prunepresidentmyro','',0,1,5,7,NULL,166,15);
INSERT INTO onlineshop_produit VALUES(341,'Prune−Prune d Agen−St Ju','pruneprune-d-agenst-ju','',0,1,5,2,NULL,167,15);
INSERT INTO onlineshop_produit VALUES(342,'Prune−Prune d Agen−Myro','pruneprune-d-agenmyro','',0,1,5,7,NULL,167,15);
INSERT INTO onlineshop_produit VALUES(343,'Prune−Prune d Ente−St Ju','pruneprune-d-entest-ju','',0,1,5,2,NULL,168,15);
INSERT INTO onlineshop_produit VALUES(344,'Prune−Prune d Ente−Myro','pruneprune-d-entemyro','',0,1,5,7,NULL,168,15);
INSERT INTO onlineshop_produit VALUES(345,'Prune−Prune des Béjonnières−St Ju','pruneprune-des-bejonnieresst-ju','',0,1,5,2,NULL,169,15);
INSERT INTO onlineshop_produit VALUES(346,'Prune−Prune des Béjonnières−Myro','pruneprune-des-bejonnieresmyro','',0,1,5,7,NULL,169,15);
INSERT INTO onlineshop_produit VALUES(347,'Prune−Quetsche d Alsace−St Ju','prunequetsche-d-alsacest-ju','',0,1,5,2,NULL,170,15);
INSERT INTO onlineshop_produit VALUES(348,'Prune−Quetsche d Alsace−Myro','prunequetsche-d-alsacemyro','',0,1,5,7,NULL,170,15);
INSERT INTO onlineshop_produit VALUES(349,'Prune−RC Bavay−St Ju','prunerc-bavayst-ju','',0,1,5,2,NULL,171,15);
INSERT INTO onlineshop_produit VALUES(350,'Prune−RC Bavay−Myro','prunerc-bavaymyro','',0,1,5,7,NULL,171,15);
INSERT INTO onlineshop_produit VALUES(351,'Prune−RC diaphane−St Ju','prunerc-diaphanest-ju','',0,1,5,2,NULL,172,15);
INSERT INTO onlineshop_produit VALUES(352,'Prune−RC diaphane−Myro','prunerc-diaphanemyro','',0,1,5,7,NULL,172,15);
INSERT INTO onlineshop_produit VALUES(353,'Prune−RC d Oullins−St Ju','prunerc-d-oullinsst-ju','',0,1,5,2,NULL,174,15);
INSERT INTO onlineshop_produit VALUES(354,'Prune−RC d Oullins−Myro','prunerc-d-oullinsmyro','',0,1,5,7,NULL,174,15);
INSERT INTO onlineshop_produit VALUES(355,'Prune−RC dorée−St Ju','prunerc-doreest-ju','',0,1,5,2,NULL,173,15);
INSERT INTO onlineshop_produit VALUES(356,'Prune−RC dorée−Myro','prunerc-doreemyro','',0,1,5,7,NULL,173,15);
INSERT INTO onlineshop_produit VALUES(357,'Prune−RC verte−St Ju','prunerc-vertest-ju','',0,1,5,2,NULL,175,15);
INSERT INTO onlineshop_produit VALUES(358,'Prune−RC verte−Myro','prunerc-vertemyro','',0,1,5,7,NULL,175,15);
INSERT INTO onlineshop_produit VALUES(359,'Prune−RC violette−St Ju','prunerc-violettest-ju','',0,1,5,2,NULL,176,15);
INSERT INTO onlineshop_produit VALUES(360,'Prune−RC violette−Myro','prunerc-violettemyro','',0,1,5,7,NULL,176,15);
INSERT INTO onlineshop_produit VALUES(361,'Prune−Reine victoria−St Ju','prunereine-victoriast-ju','',0,1,5,2,NULL,177,15);
INSERT INTO onlineshop_produit VALUES(362,'Prune−Reine victoria−Myro','prunereine-victoriamyro','',0,1,5,7,NULL,177,15);
INSERT INTO onlineshop_produit VALUES(363,'Prune−Verte bonne−St Ju','pruneverte-bonnest-ju','',0,1,5,2,NULL,178,15);
INSERT INTO onlineshop_produit VALUES(364,'Prune−Verte bonne−Myro','pruneverte-bonnemyro','',0,1,5,7,NULL,178,15);
INSERT INTO onlineshop_produit VALUES(365,'Pomme−Api étoilé−M9','pommeapi-etoilem9','',0,1,6,8,NULL,188,15);
INSERT INTO onlineshop_produit VALUES(366,'Pomme−Api étoilé−M26','pommeapi-etoilem26','',0,1,6,9,NULL,188,15);
INSERT INTO onlineshop_produit VALUES(367,'Pomme−Api étoilé−M106','pommeapi-etoilem106','',0,1,6,10,NULL,188,15);
INSERT INTO onlineshop_produit VALUES(368,'Pomme−Api étoilé−Franc','pommeapi-etoilefranc','',0,1,6,1,NULL,188,15);
INSERT INTO onlineshop_produit VALUES(369,'Pomme−Armateur−M9','pommearmateurm9','',0,1,6,8,NULL,189,15);
INSERT INTO onlineshop_produit VALUES(370,'Pomme−Armateur−M26','pommearmateurm26','',0,1,6,9,NULL,189,15);
INSERT INTO onlineshop_produit VALUES(371,'Pomme−Armateur−M106','pommearmateurm106','',0,1,6,10,NULL,189,15);
INSERT INTO onlineshop_produit VALUES(372,'Pomme−Armateur−Franc','pommearmateurfranc','',0,1,6,1,NULL,189,15);
INSERT INTO onlineshop_produit VALUES(373,'Pomme−Astrakan rouge−M9','pommeastrakan-rougem9','',0,1,6,8,NULL,190,15);
INSERT INTO onlineshop_produit VALUES(374,'Pomme−Astrakan rouge−M26','pommeastrakan-rougem26','',0,1,6,9,NULL,190,15);
INSERT INTO onlineshop_produit VALUES(375,'Pomme−Astrakan rouge−M106','pommeastrakan-rougem106','',0,1,6,10,NULL,190,15);
INSERT INTO onlineshop_produit VALUES(376,'Pomme−Astrakan rouge−Franc','pommeastrakan-rougefranc','',0,1,6,1,NULL,190,15);
INSERT INTO onlineshop_produit VALUES(377,'Pomme−Baron de Bearlpech−M9','pommebaron-de-bearlpechm9','',0,1,6,8,NULL,192,15);
INSERT INTO onlineshop_produit VALUES(378,'Pomme−Baron de Bearlpech−M26','pommebaron-de-bearlpechm26','',0,1,6,9,NULL,192,15);
INSERT INTO onlineshop_produit VALUES(379,'Pomme−Baron de Bearlpech−M106','pommebaron-de-bearlpechm106','',0,1,6,10,NULL,192,15);
INSERT INTO onlineshop_produit VALUES(380,'Pomme−Baron de Bearlpech−Franc','pommebaron-de-bearlpechfranc','',0,1,6,1,NULL,192,15);
INSERT INTO onlineshop_produit VALUES(381,'Pomme−Bastien−M9','pommebastienm9','',0,1,6,8,NULL,193,15);
INSERT INTO onlineshop_produit VALUES(382,'Pomme−Bastien−M26','pommebastienm26','',0,1,6,9,NULL,193,15);
INSERT INTO onlineshop_produit VALUES(383,'Pomme−Bastien−M106','pommebastienm106','',0,1,6,10,NULL,193,15);
INSERT INTO onlineshop_produit VALUES(384,'Pomme−Bastien−Franc','pommebastienfranc','',0,1,6,1,NULL,193,15);
INSERT INTO onlineshop_produit VALUES(385,'Pomme−Bec corbin−M9','pommebec-corbinm9','',0,1,6,8,NULL,194,15);
INSERT INTO onlineshop_produit VALUES(386,'Pomme−Bec corbin−M26','pommebec-corbinm26','',0,1,6,9,NULL,194,15);
INSERT INTO onlineshop_produit VALUES(387,'Pomme−Bec corbin−M106','pommebec-corbinm106','',0,1,6,10,NULL,194,15);
INSERT INTO onlineshop_produit VALUES(388,'Pomme−Bec corbin−Franc','pommebec-corbinfranc','',0,1,6,1,NULL,194,15);
INSERT INTO onlineshop_produit VALUES(389,'Pomme−Belle de Boskoop−M9','pommebelle-de-boskoopm9','',0,1,6,8,NULL,196,15);
INSERT INTO onlineshop_produit VALUES(390,'Pomme−Belle de Boskoop−M26','pommebelle-de-boskoopm26','',0,1,6,9,NULL,196,15);
INSERT INTO onlineshop_produit VALUES(391,'Pomme−Belle de Boskoop−M106','pommebelle-de-boskoopm106','',0,1,6,10,NULL,196,15);
INSERT INTO onlineshop_produit VALUES(392,'Pomme−Belle de Boskoop−Franc','pommebelle-de-boskoopfranc','',0,1,6,1,NULL,196,15);
INSERT INTO onlineshop_produit VALUES(393,'Pomme−Belle de Boskoop villers−M9','pommebelle-de-boskoop-villersm9','',0,1,6,8,NULL,198,15);
INSERT INTO onlineshop_produit VALUES(394,'Pomme−Belle de Boskoop villers−M26','pommebelle-de-boskoop-villersm26','',0,1,6,9,NULL,198,15);
INSERT INTO onlineshop_produit VALUES(395,'Pomme−Belle de Boskoop villers−M106','pommebelle-de-boskoop-villersm106','',0,1,6,10,NULL,198,15);
INSERT INTO onlineshop_produit VALUES(396,'Pomme−Belle de Boskoop villers−Franc','pommebelle-de-boskoop-villersfranc','',0,1,6,1,NULL,198,15);
INSERT INTO onlineshop_produit VALUES(397,'Pomme−Belle de Boskoop rouge−M9','pommebelle-de-boskoop-rougem9','',0,1,6,8,NULL,197,15);
INSERT INTO onlineshop_produit VALUES(398,'Pomme−Belle de Boskoop rouge−M26','pommebelle-de-boskoop-rougem26','',0,1,6,9,NULL,197,15);
INSERT INTO onlineshop_produit VALUES(399,'Pomme−Belle de Boskoop rouge−M106','pommebelle-de-boskoop-rougem106','',0,1,6,10,NULL,197,15);
INSERT INTO onlineshop_produit VALUES(400,'Pomme−Belle de Boskoop rouge−Franc','pommebelle-de-boskoop-rougefranc','',0,1,6,1,NULL,197,15);
INSERT INTO onlineshop_produit VALUES(401,'Pomme−Belle de pontoise−M9','pommebelle-de-pontoisem9','',0,1,6,8,NULL,199,15);
INSERT INTO onlineshop_produit VALUES(402,'Pomme−Belle de pontoise−M26','pommebelle-de-pontoisem26','',0,1,6,9,NULL,199,15);
INSERT INTO onlineshop_produit VALUES(403,'Pomme−Belle de pontoise−M106','pommebelle-de-pontoisem106','',0,1,6,10,NULL,199,15);
INSERT INTO onlineshop_produit VALUES(404,'Pomme−Belle de pontoise−Franc','pommebelle-de-pontoisefranc','',0,1,6,1,NULL,199,15);
INSERT INTO onlineshop_produit VALUES(405,'Pomme−Belle ente−M9','pommebelle-entem9','',0,1,6,8,NULL,200,15);
INSERT INTO onlineshop_produit VALUES(406,'Pomme−Belle ente−M26','pommebelle-entem26','',0,1,6,9,NULL,200,15);
INSERT INTO onlineshop_produit VALUES(407,'Pomme−Belle ente−M106','pommebelle-entem106','',0,1,6,10,NULL,200,15);
INSERT INTO onlineshop_produit VALUES(408,'Pomme−Belle ente−Franc','pommebelle-entefranc','',0,1,6,1,NULL,200,15);
INSERT INTO onlineshop_produit VALUES(409,'Pomme−Belle fille de Salins−M9','pommebelle-fille-de-salinsm9','',0,1,6,8,NULL,201,15);
INSERT INTO onlineshop_produit VALUES(410,'Pomme−Belle fille de Salins−M26','pommebelle-fille-de-salinsm26','',0,1,6,9,NULL,201,15);
INSERT INTO onlineshop_produit VALUES(411,'Pomme−Belle fille de Salins−M106','pommebelle-fille-de-salinsm106','',0,1,6,10,NULL,201,15);
INSERT INTO onlineshop_produit VALUES(412,'Pomme−Belle fille de Salins−Franc','pommebelle-fille-de-salinsfranc','',0,1,6,1,NULL,201,15);
INSERT INTO onlineshop_produit VALUES(413,'Pomme−Belle fleur villers−M9','pommebelle-fleur-villersm9','',0,1,6,8,NULL,202,15);
INSERT INTO onlineshop_produit VALUES(414,'Pomme−Belle fleur villers−M26','pommebelle-fleur-villersm26','',0,1,6,9,NULL,202,15);
INSERT INTO onlineshop_produit VALUES(415,'Pomme−Belle fleur villers−M106','pommebelle-fleur-villersm106','',0,1,6,10,NULL,202,15);
INSERT INTO onlineshop_produit VALUES(416,'Pomme−Belle fleur villers−Franc','pommebelle-fleur-villersfranc','',0,1,6,1,NULL,202,15);
INSERT INTO onlineshop_produit VALUES(417,'Pomme−Bellefontaine−M9','pommebellefontainem9','',0,1,6,8,NULL,203,15);
INSERT INTO onlineshop_produit VALUES(418,'Pomme−Bellefontaine−M26','pommebellefontainem26','',0,1,6,9,NULL,203,15);
INSERT INTO onlineshop_produit VALUES(419,'Pomme−Bellefontaine−M106','pommebellefontainem106','',0,1,6,10,NULL,203,15);
INSERT INTO onlineshop_produit VALUES(420,'Pomme−Bellefontaine−Franc','pommebellefontainefranc','',0,1,6,1,NULL,203,15);
INSERT INTO onlineshop_produit VALUES(421,'Pomme−Benedictin−M9','pommebenedictinm9','',0,1,6,8,NULL,204,15);
INSERT INTO onlineshop_produit VALUES(422,'Pomme−Benedictin−M26','pommebenedictinm26','',0,1,6,9,NULL,204,15);
INSERT INTO onlineshop_produit VALUES(423,'Pomme−Benedictin−M106','pommebenedictinm106','',0,1,6,10,NULL,204,15);
INSERT INTO onlineshop_produit VALUES(424,'Pomme−Benedictin−Franc','pommebenedictinfranc','',0,1,6,1,NULL,204,15);
INSERT INTO onlineshop_produit VALUES(425,'Pomme−Bonne hotture−M9','pommebonne-hotturem9','',0,1,6,8,NULL,206,15);
INSERT INTO onlineshop_produit VALUES(426,'Pomme−Bonne hotture−M26','pommebonne-hotturem26','',0,1,6,9,NULL,206,15);
INSERT INTO onlineshop_produit VALUES(427,'Pomme−Bonne hotture−M106','pommebonne-hotturem106','',0,1,6,10,NULL,206,15);
INSERT INTO onlineshop_produit VALUES(428,'Pomme−Bonne hotture−Franc','pommebonne-hotturefranc','',0,1,6,1,NULL,206,15);
INSERT INTO onlineshop_produit VALUES(429,'Pomme−Bonne hotture BG−M9','pommebonne-hotture-bgm9','',0,1,6,8,NULL,207,15);
INSERT INTO onlineshop_produit VALUES(430,'Pomme−Bonne hotture BG−M26','pommebonne-hotture-bgm26','',0,1,6,9,NULL,207,15);
INSERT INTO onlineshop_produit VALUES(431,'Pomme−Bonne hotture BG−M106','pommebonne-hotture-bgm106','',0,1,6,10,NULL,207,15);
INSERT INTO onlineshop_produit VALUES(432,'Pomme−Bonne hotture BG−Franc','pommebonne-hotture-bgfranc','',0,1,6,1,NULL,207,15);
INSERT INTO onlineshop_produit VALUES(433,'Pomme−Bouet de bonnetable−M9','pommebouet-de-bonnetablem9','',0,1,6,8,NULL,208,15);
INSERT INTO onlineshop_produit VALUES(434,'Pomme−Bouet de bonnetable−M26','pommebouet-de-bonnetablem26','',0,1,6,9,NULL,208,15);
INSERT INTO onlineshop_produit VALUES(435,'Pomme−Bouet de bonnetable−M106','pommebouet-de-bonnetablem106','',0,1,6,10,NULL,208,15);
INSERT INTO onlineshop_produit VALUES(436,'Pomme−Bouet de bonnetable−Franc','pommebouet-de-bonnetablefranc','',0,1,6,1,NULL,208,15);
INSERT INTO onlineshop_produit VALUES(437,'Pomme−Cafernanty−M9','pommecafernantym9','',0,1,6,8,NULL,209,15);
INSERT INTO onlineshop_produit VALUES(438,'Pomme−Cafernanty−M26','pommecafernantym26','',0,1,6,9,NULL,209,15);
INSERT INTO onlineshop_produit VALUES(439,'Pomme−Cafernanty−M106','pommecafernantym106','',0,1,6,10,NULL,209,15);
INSERT INTO onlineshop_produit VALUES(440,'Pomme−Cafernanty−Franc','pommecafernantyfranc','',0,1,6,1,NULL,209,15);
INSERT INTO onlineshop_produit VALUES(441,'Pomme−Calville blanc d hiver−M9','pommecalville-blanc-d-hiverm9','',0,1,6,8,NULL,210,15);
INSERT INTO onlineshop_produit VALUES(442,'Pomme−Calville blanc d hiver−M26','pommecalville-blanc-d-hiverm26','',0,1,6,9,NULL,210,15);
INSERT INTO onlineshop_produit VALUES(443,'Pomme−Calville blanc d hiver−M106','pommecalville-blanc-d-hiverm106','',0,1,6,10,NULL,210,15);
INSERT INTO onlineshop_produit VALUES(444,'Pomme−Calville blanc d hiver−Franc','pommecalville-blanc-d-hiverfranc','',0,1,6,1,NULL,210,15);
INSERT INTO onlineshop_produit VALUES(445,'Pomme−Calville du roi−M9','pommecalville-du-roim9','',0,1,6,8,NULL,211,15);
INSERT INTO onlineshop_produit VALUES(446,'Pomme−Calville du roi−M26','pommecalville-du-roim26','',0,1,6,9,NULL,211,15);
INSERT INTO onlineshop_produit VALUES(447,'Pomme−Calville du roi−M106','pommecalville-du-roim106','',0,1,6,10,NULL,211,15);
INSERT INTO onlineshop_produit VALUES(448,'Pomme−Calville du roi−Franc','pommecalville-du-roifranc','',0,1,6,1,NULL,211,15);
INSERT INTO onlineshop_produit VALUES(449,'Pomme−Calville rouge−M9','pommecalville-rougem9','',0,1,6,8,NULL,212,15);
INSERT INTO onlineshop_produit VALUES(450,'Pomme−Calville rouge−M26','pommecalville-rougem26','',0,1,6,9,NULL,212,15);
INSERT INTO onlineshop_produit VALUES(451,'Pomme−Calville rouge−M106','pommecalville-rougem106','',0,1,6,10,NULL,212,15);
INSERT INTO onlineshop_produit VALUES(452,'Pomme−Calville rouge−Franc','pommecalville-rougefranc','',0,1,6,1,NULL,212,15);
INSERT INTO onlineshop_produit VALUES(453,'Pomme−Calville rouge d hiver−M9','pommecalville-rouge-d-hiverm9','',0,1,6,8,NULL,213,15);
INSERT INTO onlineshop_produit VALUES(454,'Pomme−Calville rouge d hiver−M26','pommecalville-rouge-d-hiverm26','',0,1,6,9,NULL,213,15);
INSERT INTO onlineshop_produit VALUES(455,'Pomme−Calville rouge d hiver−M106','pommecalville-rouge-d-hiverm106','',0,1,6,10,NULL,213,15);
INSERT INTO onlineshop_produit VALUES(456,'Pomme−Calville rouge d hiver−Franc','pommecalville-rouge-d-hiverfranc','',0,1,6,1,NULL,213,15);
INSERT INTO onlineshop_produit VALUES(457,'Pomme−Calville saint sauveur−M9','pommecalville-saint-sauveurm9','',0,1,6,8,NULL,214,15);
INSERT INTO onlineshop_produit VALUES(458,'Pomme−Calville saint sauveur−M26','pommecalville-saint-sauveurm26','',0,1,6,9,NULL,214,15);
INSERT INTO onlineshop_produit VALUES(459,'Pomme−Calville saint sauveur−M106','pommecalville-saint-sauveurm106','',0,1,6,10,NULL,214,15);
INSERT INTO onlineshop_produit VALUES(460,'Pomme−Calville saint sauveur−Franc','pommecalville-saint-sauveurfranc','',0,1,6,1,NULL,214,15);
INSERT INTO onlineshop_produit VALUES(461,'Pomme−Canada blanc−M9','pommecanada-blancm9','',0,1,6,8,NULL,215,15);
INSERT INTO onlineshop_produit VALUES(462,'Pomme−Canada blanc−M26','pommecanada-blancm26','',0,1,6,9,NULL,215,15);
INSERT INTO onlineshop_produit VALUES(463,'Pomme−Canada blanc−M106','pommecanada-blancm106','',0,1,6,10,NULL,215,15);
INSERT INTO onlineshop_produit VALUES(464,'Pomme−Canada blanc−Franc','pommecanada-blancfranc','',0,1,6,1,NULL,215,15);
INSERT INTO onlineshop_produit VALUES(465,'Pomme−Canada grise−M9','pommecanada-grisem9','',0,1,6,8,NULL,216,15);
INSERT INTO onlineshop_produit VALUES(466,'Pomme−Canada grise−M26','pommecanada-grisem26','',0,1,6,9,NULL,216,15);
INSERT INTO onlineshop_produit VALUES(467,'Pomme−Canada grise−M106','pommecanada-grisem106','',0,1,6,10,NULL,216,15);
INSERT INTO onlineshop_produit VALUES(468,'Pomme−Canada grise−Franc','pommecanada-grisefranc','',0,1,6,1,NULL,216,15);
INSERT INTO onlineshop_produit VALUES(469,'Pomme−Cassou−M9','pommecassoum9','',0,1,6,8,NULL,217,15);
INSERT INTO onlineshop_produit VALUES(470,'Pomme−Cassou−M26','pommecassoum26','',0,1,6,9,NULL,217,15);
INSERT INTO onlineshop_produit VALUES(471,'Pomme−Cassou−M106','pommecassoum106','',0,1,6,10,NULL,217,15);
INSERT INTO onlineshop_produit VALUES(472,'Pomme−Cassou−Franc','pommecassoufranc','',0,1,6,1,NULL,217,15);
INSERT INTO onlineshop_produit VALUES(473,'Pomme−Chailleux−M9','pommechailleuxm9','',0,1,6,8,NULL,218,15);
INSERT INTO onlineshop_produit VALUES(474,'Pomme−Chailleux−M26','pommechailleuxm26','',0,1,6,9,NULL,218,15);
INSERT INTO onlineshop_produit VALUES(475,'Pomme−Chailleux−M106','pommechailleuxm106','',0,1,6,10,NULL,218,15);
INSERT INTO onlineshop_produit VALUES(476,'Pomme−Chailleux−Franc','pommechailleuxfranc','',0,1,6,1,NULL,218,15);
INSERT INTO onlineshop_produit VALUES(477,'Pomme−Chailleux type−M9','pommechailleux-typem9','',0,1,6,8,NULL,221,15);
INSERT INTO onlineshop_produit VALUES(478,'Pomme−Chailleux type−M26','pommechailleux-typem26','',0,1,6,9,NULL,221,15);
INSERT INTO onlineshop_produit VALUES(479,'Pomme−Chailleux type−M106','pommechailleux-typem106','',0,1,6,10,NULL,221,15);
INSERT INTO onlineshop_produit VALUES(480,'Pomme−Chailleux type−Franc','pommechailleux-typefranc','',30,1,6,1,NULL,221,15);
INSERT INTO onlineshop_produit VALUES(481,'Pomme−Chailleux gros−M9','pommechailleux-grosm9','',0,1,6,8,NULL,219,15);
INSERT INTO onlineshop_produit VALUES(482,'Pomme−Chailleux gros−M26','pommechailleux-grosm26','',0,1,6,9,NULL,219,15);
INSERT INTO onlineshop_produit VALUES(483,'Pomme−Chailleux gros−M106','pommechailleux-grosm106','',0,1,6,10,NULL,219,15);
INSERT INTO onlineshop_produit VALUES(484,'Pomme−Chailleux gros−Franc','pommechailleux-grosfranc','',0,1,6,1,NULL,219,15);
INSERT INTO onlineshop_produit VALUES(485,'Pomme−Chailleux Michel−M9','pommechailleux-michelm9','',0,1,6,8,NULL,220,15);
INSERT INTO onlineshop_produit VALUES(486,'Pomme−Chailleux Michel−M26','pommechailleux-michelm26','',0,1,6,9,NULL,220,15);
INSERT INTO onlineshop_produit VALUES(487,'Pomme−Chailleux Michel−M106','pommechailleux-michelm106','',0,1,6,10,NULL,220,15);
INSERT INTO onlineshop_produit VALUES(488,'Pomme−Chailleux Michel−Franc','pommechailleux-michelfranc','',0,1,6,1,NULL,220,15);
INSERT INTO onlineshop_produit VALUES(489,'Pomme−Chataignier−M9','pommechataignierm9','',0,1,6,8,NULL,222,15);
INSERT INTO onlineshop_produit VALUES(490,'Pomme−Chataignier−M26','pommechataignierm26','',50,1,6,9,NULL,222,15);
INSERT INTO onlineshop_produit VALUES(491,'Pomme−Chataignier−M106','pommechataignierm106','',0,1,6,10,NULL,222,15);
INSERT INTO onlineshop_produit VALUES(492,'Pomme−Chataignier−Franc','pommechataignierfranc','',0,1,6,1,NULL,222,15);
INSERT INTO onlineshop_produit VALUES(493,'Pomme−Cloche−M9','pommeclochem9','',0,1,6,8,NULL,224,15);
INSERT INTO onlineshop_produit VALUES(494,'Pomme−Cloche−M26','pommeclochem26','',0,1,6,9,NULL,224,15);
INSERT INTO onlineshop_produit VALUES(495,'Pomme−Cloche−M106','pommeclochem106','',0,1,6,10,NULL,224,15);
INSERT INTO onlineshop_produit VALUES(496,'Pomme−Cloche−Franc','pommeclochefranc','',0,1,6,1,NULL,224,15);
INSERT INTO onlineshop_produit VALUES(497,'Pomme−Colapuy−M9','pommecolapuym9','',0,1,6,8,NULL,227,15);
INSERT INTO onlineshop_produit VALUES(498,'Pomme−Colapuy−M26','pommecolapuym26','',0,1,6,9,NULL,227,15);
INSERT INTO onlineshop_produit VALUES(499,'Pomme−Colapuy−M106','pommecolapuym106','',0,1,6,10,NULL,227,15);
INSERT INTO onlineshop_produit VALUES(500,'Pomme−Colapuy−Franc','pommecolapuyfranc','',0,1,6,1,NULL,227,15);
INSERT INTO onlineshop_produit VALUES(501,'Pomme−Colapuy d Hiver−M9','pommecolapuy-d-hiverm9','',0,1,6,8,NULL,228,15);
INSERT INTO onlineshop_produit VALUES(502,'Pomme−Colapuy d Hiver−M26','pommecolapuy-d-hiverm26','',0,1,6,9,NULL,228,15);
INSERT INTO onlineshop_produit VALUES(503,'Pomme−Colapuy d Hiver−M106','pommecolapuy-d-hiverm106','',0,1,6,10,NULL,228,15);
INSERT INTO onlineshop_produit VALUES(504,'Pomme−Colapuy d Hiver−Franc','pommecolapuy-d-hiverfranc','',0,1,6,1,NULL,228,15);
INSERT INTO onlineshop_produit VALUES(505,'Pomme−Coeur de boeuf−M9','pommecoeur-de-boeufm9','',47,1,6,8,NULL,226,15);
INSERT INTO onlineshop_produit VALUES(506,'Pomme−Coeur de boeuf−M26','pommecoeur-de-boeufm26','',0,1,6,9,NULL,226,15);
INSERT INTO onlineshop_produit VALUES(507,'Pomme−Coeur de boeuf−M106','pommecoeur-de-boeufm106','',0,1,6,10,NULL,226,15);
INSERT INTO onlineshop_produit VALUES(508,'Pomme−Coeur de boeuf−Franc','pommecoeur-de-boeuffranc','',0,1,6,1,NULL,226,15);
INSERT INTO onlineshop_produit VALUES(509,'Pomme−Court pendu gris−M9','pommecourt-pendu-grism9','',0,1,6,8,NULL,229,15);
INSERT INTO onlineshop_produit VALUES(510,'Pomme−Court pendu gris−M26','pommecourt-pendu-grism26','',0,1,6,9,NULL,229,15);
INSERT INTO onlineshop_produit VALUES(511,'Pomme−Court pendu gris−M106','pommecourt-pendu-grism106','',0,1,6,10,NULL,229,15);
INSERT INTO onlineshop_produit VALUES(512,'Pomme−Court pendu gris−Franc','pommecourt-pendu-grisfranc','',0,1,6,1,NULL,229,15);
INSERT INTO onlineshop_produit VALUES(513,'Pomme−Court pendu rouge−M9','pommecourt-pendu-rougem9','',0,1,6,8,NULL,230,15);
INSERT INTO onlineshop_produit VALUES(514,'Pomme−Court pendu rouge−M26','pommecourt-pendu-rougem26','',0,1,6,9,NULL,230,15);
INSERT INTO onlineshop_produit VALUES(515,'Pomme−Court pendu rouge−M106','pommecourt-pendu-rougem106','',0,1,6,10,NULL,230,15);
INSERT INTO onlineshop_produit VALUES(516,'Pomme−Court pendu rouge−Franc','pommecourt-pendu-rougefranc','',0,1,6,1,NULL,230,15);
INSERT INTO onlineshop_produit VALUES(517,'Pomme−Cox Orange−M9','pommecox-orangem9','',0,1,6,8,NULL,232,15);
INSERT INTO onlineshop_produit VALUES(518,'Pomme−Cox Orange−M26','pommecox-orangem26','',0,1,6,9,NULL,232,15);
INSERT INTO onlineshop_produit VALUES(519,'Pomme−Cox Orange−M106','pommecox-orangem106','',0,1,6,10,NULL,232,15);
INSERT INTO onlineshop_produit VALUES(520,'Pomme−Cox Orange−Franc','pommecox-orangefranc','',0,1,6,1,NULL,232,15);
INSERT INTO onlineshop_produit VALUES(521,'Pomme−Cox gros−M9','pommecox-grosm9','',0,1,6,8,NULL,231,15);
INSERT INTO onlineshop_produit VALUES(522,'Pomme−Cox gros−M26','pommecox-grosm26','',0,1,6,9,NULL,231,15);
INSERT INTO onlineshop_produit VALUES(523,'Pomme−Cox gros−M106','pommecox-grosm106','',0,1,6,10,NULL,231,15);
INSERT INTO onlineshop_produit VALUES(524,'Pomme−Cox gros−Franc','pommecox-grosfranc','',0,1,6,1,NULL,231,15);
INSERT INTO onlineshop_produit VALUES(525,'Pomme−D orange−M9','pommed-orangem9','',0,1,6,8,NULL,240,15);
INSERT INTO onlineshop_produit VALUES(526,'Pomme−D orange−M26','pommed-orangem26','',0,1,6,9,NULL,240,15);
INSERT INTO onlineshop_produit VALUES(527,'Pomme−D orange−M106','pommed-orangem106','',0,1,6,10,NULL,240,15);
INSERT INTO onlineshop_produit VALUES(528,'Pomme−D orange−Franc','pommed-orangefranc','',0,1,6,1,NULL,240,15);
INSERT INTO onlineshop_produit VALUES(529,'Pomme−Dalinette (choupette)−M9','pommedalinette-choupettem9','',0,1,6,8,NULL,234,15);
INSERT INTO onlineshop_produit VALUES(530,'Pomme−Dalinette (choupette)−M26','pommedalinette-choupettem26','',0,1,6,9,NULL,234,15);
INSERT INTO onlineshop_produit VALUES(531,'Pomme−Dalinette (choupette)−M106','pommedalinette-choupettem106','',0,1,6,10,NULL,234,15);
INSERT INTO onlineshop_produit VALUES(532,'Pomme−Dalinette (choupette)−Franc','pommedalinette-choupettefranc','',0,1,6,1,NULL,234,15);
INSERT INTO onlineshop_produit VALUES(533,'Pomme−De coudre−M9','pommede-coudrem9','',0,1,6,8,NULL,236,15);
INSERT INTO onlineshop_produit VALUES(534,'Pomme−De coudre−M26','pommede-coudrem26','',0,1,6,9,NULL,236,15);
INSERT INTO onlineshop_produit VALUES(535,'Pomme−De coudre−M106','pommede-coudrem106','',0,1,6,10,NULL,236,15);
INSERT INTO onlineshop_produit VALUES(536,'Pomme−De coudre−Franc','pommede-coudrefranc','',0,1,6,1,NULL,236,15);
INSERT INTO onlineshop_produit VALUES(537,'Pomme−De l Estre (Sainte Germaine)−M9','pommede-l-estre-sainte-germainem9','',0,1,6,8,NULL,238,15);
INSERT INTO onlineshop_produit VALUES(538,'Pomme−De l Estre (Sainte Germaine)−M26','pommede-l-estre-sainte-germainem26','',0,1,6,9,NULL,238,15);
INSERT INTO onlineshop_produit VALUES(539,'Pomme−De l Estre (Sainte Germaine)−M106','pommede-l-estre-sainte-germainem106','',0,1,6,10,NULL,238,15);
INSERT INTO onlineshop_produit VALUES(540,'Pomme−De l Estre (Sainte Germaine)−Franc','pommede-l-estre-sainte-germainefranc','',0,1,6,1,NULL,238,15);
INSERT INTO onlineshop_produit VALUES(541,'Pomme−De tendre−M9','pommede-tendrem9','',0,1,6,8,NULL,239,15);
INSERT INTO onlineshop_produit VALUES(542,'Pomme−De tendre−M26','pommede-tendrem26','',0,1,6,9,NULL,239,15);
INSERT INTO onlineshop_produit VALUES(543,'Pomme−De tendre−M106','pommede-tendrem106','',0,1,6,10,NULL,239,15);
INSERT INTO onlineshop_produit VALUES(544,'Pomme−De tendre−Franc','pommede-tendrefranc','',0,1,6,1,NULL,239,15);
INSERT INTO onlineshop_produit VALUES(545,'Pomme−Double belle fleur−M9','pommedouble-belle-fleurm9','',0,1,6,8,NULL,241,15);
INSERT INTO onlineshop_produit VALUES(546,'Pomme−Double belle fleur−M26','pommedouble-belle-fleurm26','',0,1,6,9,NULL,241,15);
INSERT INTO onlineshop_produit VALUES(547,'Pomme−Double belle fleur−M106','pommedouble-belle-fleurm106','',0,1,6,10,NULL,241,15);
INSERT INTO onlineshop_produit VALUES(548,'Pomme−Double belle fleur−Franc','pommedouble-belle-fleurfranc','',0,1,6,1,NULL,241,15);
INSERT INTO onlineshop_produit VALUES(549,'Pomme−Doux d Argent−M9','pommedoux-d-argentm9','',0,1,6,8,NULL,243,15);
INSERT INTO onlineshop_produit VALUES(550,'Pomme−Doux d Argent−M26','pommedoux-d-argentm26','',0,1,6,9,NULL,243,15);
INSERT INTO onlineshop_produit VALUES(551,'Pomme−Doux d Argent−M106','pommedoux-d-argentm106','',0,1,6,10,NULL,243,15);
INSERT INTO onlineshop_produit VALUES(552,'Pomme−Doux d Argent−Franc','pommedoux-d-argentfranc','',0,1,6,1,NULL,243,15);
INSERT INTO onlineshop_produit VALUES(553,'Pomme−Drap d Or−M9','pommedrap-d-orm9','',0,1,6,8,NULL,244,15);
INSERT INTO onlineshop_produit VALUES(554,'Pomme−Drap d Or−M26','pommedrap-d-orm26','',0,1,6,9,NULL,244,15);
INSERT INTO onlineshop_produit VALUES(555,'Pomme−Drap d Or−M106','pommedrap-d-orm106','',0,1,6,10,NULL,244,15);
INSERT INTO onlineshop_produit VALUES(556,'Pomme−Drap d Or−Franc','pommedrap-d-orfranc','',0,1,6,1,NULL,244,15);
INSERT INTO onlineshop_produit VALUES(557,'Pomme−Du prieuré−M9','pommedu-prieurem9','',0,1,6,8,NULL,245,15);
INSERT INTO onlineshop_produit VALUES(558,'Pomme−Du prieuré−M26','pommedu-prieurem26','',0,1,6,9,NULL,245,15);
INSERT INTO onlineshop_produit VALUES(559,'Pomme−Du prieuré−M106','pommedu-prieurem106','',0,1,6,10,NULL,245,15);
INSERT INTO onlineshop_produit VALUES(560,'Pomme−Du prieuré−Franc','pommedu-prieurefranc','',0,1,6,1,NULL,245,15);
INSERT INTO onlineshop_produit VALUES(561,'Pomme−Echalier−M9','pommeechalierm9','',0,1,6,8,NULL,246,15);
INSERT INTO onlineshop_produit VALUES(562,'Pomme−Echalier−M26','pommeechalierm26','',0,1,6,9,NULL,246,15);
INSERT INTO onlineshop_produit VALUES(563,'Pomme−Echalier−M106','pommeechalierm106','',0,1,6,10,NULL,246,15);
INSERT INTO onlineshop_produit VALUES(564,'Pomme−Echalier−Franc','pommeechalierfranc','',0,1,6,1,NULL,246,15);
INSERT INTO onlineshop_produit VALUES(565,'Pomme−Elstar−M9','pommeelstarm9','',0,1,6,8,NULL,247,15);
INSERT INTO onlineshop_produit VALUES(566,'Pomme−Elstar−M26','pommeelstarm26','',0,1,6,9,NULL,247,15);
INSERT INTO onlineshop_produit VALUES(567,'Pomme−Elstar−M106','pommeelstarm106','',0,1,6,10,NULL,247,15);
INSERT INTO onlineshop_produit VALUES(568,'Pomme−Elstar−Franc','pommeelstarfranc','',0,1,6,1,NULL,247,15);
INSERT INTO onlineshop_produit VALUES(569,'Pomme−Fenouillet gris−M9','pommefenouillet-grism9','',0,1,6,8,NULL,248,15);
INSERT INTO onlineshop_produit VALUES(570,'Pomme−Fenouillet gris−M26','pommefenouillet-grism26','',0,1,6,9,NULL,248,15);
INSERT INTO onlineshop_produit VALUES(571,'Pomme−Fenouillet gris−M106','pommefenouillet-grism106','',0,1,6,10,NULL,248,15);
INSERT INTO onlineshop_produit VALUES(572,'Pomme−Fenouillet gris−Franc','pommefenouillet-grisfranc','',0,1,6,1,NULL,248,15);
INSERT INTO onlineshop_produit VALUES(573,'Pomme−Florina−M9','pommeflorinam9','',0,1,6,8,NULL,249,15);
INSERT INTO onlineshop_produit VALUES(574,'Pomme−Florina−M26','pommeflorinam26','',0,1,6,9,NULL,249,15);
INSERT INTO onlineshop_produit VALUES(575,'Pomme−Florina−M106','pommeflorinam106','',0,1,6,10,NULL,249,15);
INSERT INTO onlineshop_produit VALUES(576,'Pomme−Florina−Franc','pommeflorinafranc','',0,1,6,1,NULL,249,15);
INSERT INTO onlineshop_produit VALUES(577,'Pomme−Fremy−M9','pommefremym9','',0,1,6,8,NULL,250,15);
INSERT INTO onlineshop_produit VALUES(578,'Pomme−Fremy−M26','pommefremym26','',0,1,6,9,NULL,250,15);
INSERT INTO onlineshop_produit VALUES(579,'Pomme−Fremy−M106','pommefremym106','',0,1,6,10,NULL,250,15);
INSERT INTO onlineshop_produit VALUES(580,'Pomme−Fremy−Franc','pommefremyfranc','',0,1,6,1,NULL,250,15);
INSERT INTO onlineshop_produit VALUES(581,'Pomme−Gala−M9','pommegalam9','',0,1,6,8,NULL,253,15);
INSERT INTO onlineshop_produit VALUES(582,'Pomme−Gala−M26','pommegalam26','',0,1,6,9,NULL,253,15);
INSERT INTO onlineshop_produit VALUES(583,'Pomme−Gala−M106','pommegalam106','',0,1,6,10,NULL,253,15);
INSERT INTO onlineshop_produit VALUES(584,'Pomme−Gala−Franc','pommegalafranc','',0,1,6,1,NULL,253,15);
INSERT INTO onlineshop_produit VALUES(585,'Pomme−Galeuse−M9','pommegaleusem9','',0,1,6,8,NULL,254,15);
INSERT INTO onlineshop_produit VALUES(586,'Pomme−Galeuse−M26','pommegaleusem26','',0,1,6,9,NULL,254,15);
INSERT INTO onlineshop_produit VALUES(587,'Pomme−Galeuse−M106','pommegaleusem106','',0,1,6,10,NULL,254,15);
INSERT INTO onlineshop_produit VALUES(588,'Pomme−Galeuse−Franc','pommegaleusefranc','',0,1,6,1,NULL,254,15);
INSERT INTO onlineshop_produit VALUES(589,'Pomme−Gitane−M9','pommegitanem9','',0,1,6,8,NULL,255,15);
INSERT INTO onlineshop_produit VALUES(590,'Pomme−Gitane−M26','pommegitanem26','',0,1,6,9,NULL,255,15);
INSERT INTO onlineshop_produit VALUES(591,'Pomme−Gitane−M106','pommegitanem106','',0,1,6,10,NULL,255,15);
INSERT INTO onlineshop_produit VALUES(592,'Pomme−Gitane−Franc','pommegitanefranc','',0,1,6,1,NULL,255,15);
INSERT INTO onlineshop_produit VALUES(593,'Pomme−Grain d or−M9','pommegrain-d-orm9','',0,1,6,8,NULL,256,15);
INSERT INTO onlineshop_produit VALUES(594,'Pomme−Grain d or−M26','pommegrain-d-orm26','',0,1,6,9,NULL,256,15);
INSERT INTO onlineshop_produit VALUES(595,'Pomme−Grain d or−M106','pommegrain-d-orm106','',0,1,6,10,NULL,256,15);
INSERT INTO onlineshop_produit VALUES(596,'Pomme−Grain d or−Franc','pommegrain-d-orfranc','',0,1,6,1,NULL,256,15);
INSERT INTO onlineshop_produit VALUES(597,'Pomme−Gravenstein−M9','pommegravensteinm9','',0,1,6,8,NULL,257,15);
INSERT INTO onlineshop_produit VALUES(598,'Pomme−Gravenstein−M26','pommegravensteinm26','',0,1,6,9,NULL,257,15);
INSERT INTO onlineshop_produit VALUES(599,'Pomme−Gravenstein−M106','pommegravensteinm106','',0,1,6,10,NULL,257,15);
INSERT INTO onlineshop_produit VALUES(600,'Pomme−Gravenstein−Franc','pommegravensteinfranc','',0,1,6,1,NULL,257,15);
INSERT INTO onlineshop_produit VALUES(601,'Pomme−Grise de France−M9','pommegrise-de-francem9','',0,1,6,8,NULL,258,15);
INSERT INTO onlineshop_produit VALUES(602,'Pomme−Grise de France−M26','pommegrise-de-francem26','',0,1,6,9,NULL,258,15);
INSERT INTO onlineshop_produit VALUES(603,'Pomme−Grise de France−M106','pommegrise-de-francem106','',0,1,6,10,NULL,258,15);
INSERT INTO onlineshop_produit VALUES(604,'Pomme−Grise de France−Franc','pommegrise-de-francefranc','',0,1,6,1,NULL,258,15);
INSERT INTO onlineshop_produit VALUES(605,'Pomme−Gros locard−M9','pommegros-locardm9','',0,1,6,8,NULL,259,15);
INSERT INTO onlineshop_produit VALUES(606,'Pomme−Gros locard−M26','pommegros-locardm26','',0,1,6,9,NULL,259,15);
INSERT INTO onlineshop_produit VALUES(607,'Pomme−Gros locard−M106','pommegros-locardm106','',0,1,6,10,NULL,259,15);
INSERT INTO onlineshop_produit VALUES(608,'Pomme−Gros locard−Franc','pommegros-locardfranc','',0,1,6,1,NULL,259,15);
INSERT INTO onlineshop_produit VALUES(609,'Pomme−Gros vert−M9','pommegros-vertm9','',0,1,6,8,NULL,260,15);
INSERT INTO onlineshop_produit VALUES(610,'Pomme−Gros vert−M26','pommegros-vertm26','',0,1,6,9,NULL,260,15);
INSERT INTO onlineshop_produit VALUES(611,'Pomme−Gros vert−M106','pommegros-vertm106','',0,1,6,10,NULL,260,15);
INSERT INTO onlineshop_produit VALUES(612,'Pomme−Gros vert−Franc','pommegros-vertfranc','',0,1,6,1,NULL,260,15);
INSERT INTO onlineshop_produit VALUES(613,'Pomme−Groseille−M9','pommegroseillem9','',0,1,6,8,NULL,261,15);
INSERT INTO onlineshop_produit VALUES(614,'Pomme−Groseille−M26','pommegroseillem26','',0,1,6,9,NULL,261,15);
INSERT INTO onlineshop_produit VALUES(615,'Pomme−Groseille−M106','pommegroseillem106','',0,1,6,10,NULL,261,15);
INSERT INTO onlineshop_produit VALUES(616,'Pomme−Groseille−Franc','pommegroseillefranc','',0,1,6,1,NULL,261,15);
INSERT INTO onlineshop_produit VALUES(617,'Pomme−Improved Black Stayman−M9','pommeimproved-black-staymanm9','',0,1,6,8,NULL,263,15);
INSERT INTO onlineshop_produit VALUES(618,'Pomme−Improved Black Stayman−M26','pommeimproved-black-staymanm26','',0,1,6,9,NULL,263,15);
INSERT INTO onlineshop_produit VALUES(619,'Pomme−Improved Black Stayman−M106','pommeimproved-black-staymanm106','',0,1,6,10,NULL,263,15);
INSERT INTO onlineshop_produit VALUES(620,'Pomme−Improved Black Stayman−Franc','pommeimproved-black-staymanfranc','',0,1,6,1,NULL,263,15);
INSERT INTO onlineshop_produit VALUES(621,'Pomme−Jonagold−M9','pommejonagoldm9','',0,1,6,8,NULL,264,15);
INSERT INTO onlineshop_produit VALUES(622,'Pomme−Jonagold−M26','pommejonagoldm26','',0,1,6,9,NULL,264,15);
INSERT INTO onlineshop_produit VALUES(623,'Pomme−Jonagold−M106','pommejonagoldm106','',0,1,6,10,NULL,264,15);
INSERT INTO onlineshop_produit VALUES(624,'Pomme−Jonagold−Franc','pommejonagoldfranc','',0,1,6,1,NULL,264,15);
INSERT INTO onlineshop_produit VALUES(625,'Pomme−Jubilé (Delgollune)−M9','pommejubile-delgollunem9','',0,1,6,8,NULL,265,15);
INSERT INTO onlineshop_produit VALUES(626,'Pomme−Jubilé (Delgollune)−M26','pommejubile-delgollunem26','',0,1,6,9,NULL,265,15);
INSERT INTO onlineshop_produit VALUES(627,'Pomme−Jubilé (Delgollune)−M106','pommejubile-delgollunem106','',0,1,6,10,NULL,265,15);
INSERT INTO onlineshop_produit VALUES(628,'Pomme−Jubilé (Delgollune)−Franc','pommejubile-delgollunefranc','',0,1,6,1,NULL,265,15);
INSERT INTO onlineshop_produit VALUES(629,'Pomme−Juliette−M9','pommejuliettem9','',0,1,6,8,NULL,269,15);
INSERT INTO onlineshop_produit VALUES(630,'Pomme−Juliette−M26','pommejuliettem26','',0,1,6,9,NULL,269,15);
INSERT INTO onlineshop_produit VALUES(631,'Pomme−Juliette−M106','pommejuliettem106','',0,1,6,10,NULL,269,15);
INSERT INTO onlineshop_produit VALUES(632,'Pomme−Juliette−Franc','pommejuliettefranc','',0,1,6,1,NULL,269,15);
INSERT INTO onlineshop_produit VALUES(633,'Pomme−Karminj−M9','pommekarminjm9','',0,1,6,8,NULL,270,15);
INSERT INTO onlineshop_produit VALUES(634,'Pomme−Karminj−M26','pommekarminjm26','',0,1,6,9,NULL,270,15);
INSERT INTO onlineshop_produit VALUES(635,'Pomme−Karminj−M106','pommekarminjm106','',0,1,6,10,NULL,270,15);
INSERT INTO onlineshop_produit VALUES(636,'Pomme−Karminj−Franc','pommekarminjfranc','',0,1,6,1,NULL,270,15);
INSERT INTO onlineshop_produit VALUES(637,'Pomme−La safranerie−M9','pommela-safraneriem9','',0,1,6,8,NULL,271,15);
INSERT INTO onlineshop_produit VALUES(638,'Pomme−La safranerie−M26','pommela-safraneriem26','',0,1,6,9,NULL,271,15);
INSERT INTO onlineshop_produit VALUES(639,'Pomme−La safranerie−M106','pommela-safraneriem106','',0,1,6,10,NULL,271,15);
INSERT INTO onlineshop_produit VALUES(640,'Pomme−La safranerie−Franc','pommela-safraneriefranc','',0,1,6,1,NULL,271,15);
INSERT INTO onlineshop_produit VALUES(641,'Pomme−Lochard−M9','pommelochardm9','',0,1,6,8,NULL,275,15);
INSERT INTO onlineshop_produit VALUES(642,'Pomme−Lochard−M26','pommelochardm26','',0,1,6,9,NULL,275,15);
INSERT INTO onlineshop_produit VALUES(643,'Pomme−Lochard−M106','pommelochardm106','',0,1,6,10,NULL,275,15);
INSERT INTO onlineshop_produit VALUES(644,'Pomme−Lochard−Franc','pommelochardfranc','',0,1,6,1,NULL,275,15);
INSERT INTO onlineshop_produit VALUES(645,'Pomme−Madeleine−M9','pommemadeleinem9','',0,1,6,8,NULL,276,15);
INSERT INTO onlineshop_produit VALUES(646,'Pomme−Madeleine−M26','pommemadeleinem26','',0,1,6,9,NULL,276,15);
INSERT INTO onlineshop_produit VALUES(647,'Pomme−Madeleine−M106','pommemadeleinem106','',0,1,6,10,NULL,276,15);
INSERT INTO onlineshop_produit VALUES(648,'Pomme−Madeleine−Franc','pommemadeleinefranc','',0,1,6,1,NULL,276,15);
INSERT INTO onlineshop_produit VALUES(649,'Pomme−Melrose−M9','pommemelrosem9','',0,1,6,8,NULL,278,15);
INSERT INTO onlineshop_produit VALUES(650,'Pomme−Melrose−M26','pommemelrosem26','',0,1,6,9,NULL,278,15);
INSERT INTO onlineshop_produit VALUES(651,'Pomme−Melrose−M106','pommemelrosem106','',0,1,6,10,NULL,278,15);
INSERT INTO onlineshop_produit VALUES(652,'Pomme−Melrose−Franc','pommemelrosefranc','',0,1,6,1,NULL,278,15);
INSERT INTO onlineshop_produit VALUES(653,'Pomme−Mercier−M9','pommemercierm9','',0,1,6,8,NULL,279,15);
INSERT INTO onlineshop_produit VALUES(654,'Pomme−Mercier−M26','pommemercierm26','',0,1,6,9,NULL,279,15);
INSERT INTO onlineshop_produit VALUES(655,'Pomme−Mercier−M106','pommemercierm106','',0,1,6,10,NULL,279,15);
INSERT INTO onlineshop_produit VALUES(656,'Pomme−Mercier−Franc','pommemercierfranc','',0,1,6,1,NULL,279,15);
INSERT INTO onlineshop_produit VALUES(657,'Pomme−Mouche creuse−M9','pommemouche-creusem9','',0,1,6,8,NULL,280,15);
INSERT INTO onlineshop_produit VALUES(658,'Pomme−Mouche creuse−M26','pommemouche-creusem26','',0,1,6,9,NULL,280,15);
INSERT INTO onlineshop_produit VALUES(659,'Pomme−Mouche creuse−M106','pommemouche-creusem106','',0,1,6,10,NULL,280,15);
INSERT INTO onlineshop_produit VALUES(660,'Pomme−Mouche creuse−Franc','pommemouche-creusefranc','',0,1,6,1,NULL,280,15);
INSERT INTO onlineshop_produit VALUES(661,'Pomme−Ombrée−M9','pommeombreem9','',0,1,6,8,NULL,281,15);
INSERT INTO onlineshop_produit VALUES(662,'Pomme−Ombrée−M26','pommeombreem26','',0,1,6,9,NULL,281,15);
INSERT INTO onlineshop_produit VALUES(663,'Pomme−Ombrée−M106','pommeombreem106','',0,1,6,10,NULL,281,15);
INSERT INTO onlineshop_produit VALUES(664,'Pomme−Ombrée−Franc','pommeombreefranc','',0,1,6,1,NULL,281,15);
INSERT INTO onlineshop_produit VALUES(665,'Pomme−Opale−M9','pommeopalem9','',0,1,6,8,NULL,282,15);
INSERT INTO onlineshop_produit VALUES(666,'Pomme−Opale−M26','pommeopalem26','',0,1,6,9,NULL,282,15);
INSERT INTO onlineshop_produit VALUES(667,'Pomme−Opale−M106','pommeopalem106','',0,1,6,10,NULL,282,15);
INSERT INTO onlineshop_produit VALUES(668,'Pomme−Opale−Franc','pommeopalefranc','',0,1,6,1,NULL,282,15);
INSERT INTO onlineshop_produit VALUES(669,'Pomme−Patte de loup−M9','pommepatte-de-loupm9','',0,1,6,8,NULL,283,15);
INSERT INTO onlineshop_produit VALUES(670,'Pomme−Patte de loup−M26','pommepatte-de-loupm26','',0,1,6,9,NULL,283,15);
INSERT INTO onlineshop_produit VALUES(671,'Pomme−Patte de loup−M106','pommepatte-de-loupm106','',0,1,6,10,NULL,283,15);
INSERT INTO onlineshop_produit VALUES(672,'Pomme−Patte de loup−Franc','pommepatte-de-loupfranc','',0,1,6,1,NULL,283,15);
INSERT INTO onlineshop_produit VALUES(673,'Pomme−Pepin Coignard−M9','pommepepin-coignardm9','',0,1,6,8,NULL,285,15);
INSERT INTO onlineshop_produit VALUES(674,'Pomme−Pepin Coignard−M26','pommepepin-coignardm26','',0,1,6,9,NULL,285,15);
INSERT INTO onlineshop_produit VALUES(675,'Pomme−Pepin Coignard−M106','pommepepin-coignardm106','',0,1,6,10,NULL,285,15);
INSERT INTO onlineshop_produit VALUES(676,'Pomme−Pepin Coignard−Franc','pommepepin-coignardfranc','',0,1,6,1,NULL,285,15);
INSERT INTO onlineshop_produit VALUES(677,'Pomme−Pepin Meunier−M9','pommepepin-meunierm9','',0,1,6,8,NULL,286,15);
INSERT INTO onlineshop_produit VALUES(678,'Pomme−Pepin Meunier−M26','pommepepin-meunierm26','',0,1,6,9,NULL,286,15);
INSERT INTO onlineshop_produit VALUES(679,'Pomme−Pepin Meunier−M106','pommepepin-meunierm106','',0,1,6,10,NULL,286,15);
INSERT INTO onlineshop_produit VALUES(680,'Pomme−Pepin Meunier−Franc','pommepepin-meunierfranc','',0,1,6,1,NULL,286,15);
INSERT INTO onlineshop_produit VALUES(681,'Pomme−Pierre−M9','pommepierrem9','',0,1,6,8,NULL,290,15);
INSERT INTO onlineshop_produit VALUES(682,'Pomme−Pierre−M26','pommepierrem26','',0,1,6,9,NULL,290,15);
INSERT INTO onlineshop_produit VALUES(683,'Pomme−Pierre−M106','pommepierrem106','',0,1,6,10,NULL,290,15);
INSERT INTO onlineshop_produit VALUES(684,'Pomme−Pierre−Franc','pommepierrefranc','',0,1,6,1,NULL,290,15);
INSERT INTO onlineshop_produit VALUES(685,'Pomme−Pomme-poire d Ile et Vilaine−M9','pommepomme-poire-d-ile-et-vilainem9','',0,1,6,8,NULL,293,15);
INSERT INTO onlineshop_produit VALUES(686,'Pomme−Pomme-poire d Ile et Vilaine−M26','pommepomme-poire-d-ile-et-vilainem26','',0,1,6,9,NULL,293,15);
INSERT INTO onlineshop_produit VALUES(687,'Pomme−Pomme-poire d Ile et Vilaine−M106','pommepomme-poire-d-ile-et-vilainem106','',0,1,6,10,NULL,293,15);
INSERT INTO onlineshop_produit VALUES(688,'Pomme−Pomme-poire d Ile et Vilaine−Franc','pommepomme-poire-d-ile-et-vilainefranc','',0,1,6,1,NULL,293,15);
INSERT INTO onlineshop_produit VALUES(689,'Pomme−Rambour d été−M9','pommerambour-d-etem9','',0,1,6,8,NULL,294,15);
INSERT INTO onlineshop_produit VALUES(690,'Pomme−Rambour d été−M26','pommerambour-d-etem26','',0,1,6,9,NULL,294,15);
INSERT INTO onlineshop_produit VALUES(691,'Pomme−Rambour d été−M106','pommerambour-d-etem106','',0,1,6,10,NULL,294,15);
INSERT INTO onlineshop_produit VALUES(692,'Pomme−Rambour d été−Franc','pommerambour-d-etefranc','',0,1,6,1,NULL,294,15);
INSERT INTO onlineshop_produit VALUES(693,'Pomme−Rambour d hiver−M9','pommerambour-d-hiverm9','',0,1,6,8,NULL,295,15);
INSERT INTO onlineshop_produit VALUES(694,'Pomme−Rambour d hiver−M26','pommerambour-d-hiverm26','',0,1,6,9,NULL,295,15);
INSERT INTO onlineshop_produit VALUES(695,'Pomme−Rambour d hiver−M106','pommerambour-d-hiverm106','',0,1,6,10,NULL,295,15);
INSERT INTO onlineshop_produit VALUES(696,'Pomme−Rambour d hiver−Franc','pommerambour-d-hiverfranc','',0,1,6,1,NULL,295,15);
INSERT INTO onlineshop_produit VALUES(697,'Pomme−Rebillard−M9','pommerebillardm9','',0,1,6,8,NULL,296,15);
INSERT INTO onlineshop_produit VALUES(698,'Pomme−Rebillard−M26','pommerebillardm26','',0,1,6,9,NULL,296,15);
INSERT INTO onlineshop_produit VALUES(699,'Pomme−Rebillard−M106','pommerebillardm106','',0,1,6,10,NULL,296,15);
INSERT INTO onlineshop_produit VALUES(700,'Pomme−Rebillard−Franc','pommerebillardfranc','',0,1,6,1,NULL,296,15);
INSERT INTO onlineshop_produit VALUES(701,'Pomme−Reine des reinettes−M9','pommereine-des-reinettesm9','',0,1,6,8,NULL,297,15);
INSERT INTO onlineshop_produit VALUES(702,'Pomme−Reine des reinettes−M26','pommereine-des-reinettesm26','',0,1,6,9,NULL,297,15);
INSERT INTO onlineshop_produit VALUES(703,'Pomme−Reine des reinettes−M106','pommereine-des-reinettesm106','',0,1,6,10,NULL,297,15);
INSERT INTO onlineshop_produit VALUES(704,'Pomme−Reine des reinettes−Franc','pommereine-des-reinettesfranc','',0,1,6,1,NULL,297,15);
INSERT INTO onlineshop_produit VALUES(705,'Pomme−Reinet gris−M9','pommereinet-grism9','',0,1,6,8,NULL,298,15);
INSERT INTO onlineshop_produit VALUES(706,'Pomme−Reinet gris−M26','pommereinet-grism26','',0,1,6,9,NULL,298,15);
INSERT INTO onlineshop_produit VALUES(707,'Pomme−Reinet gris−M106','pommereinet-grism106','',0,1,6,10,NULL,298,15);
INSERT INTO onlineshop_produit VALUES(708,'Pomme−Reinet gris−Franc','pommereinet-grisfranc','',0,1,6,1,NULL,298,15);
INSERT INTO onlineshop_produit VALUES(709,'Pomme−Reinette Ausseur−M9','pommereinette-ausseurm9','',0,1,6,8,NULL,299,15);
INSERT INTO onlineshop_produit VALUES(710,'Pomme−Reinette Ausseur−M26','pommereinette-ausseurm26','',0,1,6,9,NULL,299,15);
INSERT INTO onlineshop_produit VALUES(711,'Pomme−Reinette Ausseur−M106','pommereinette-ausseurm106','',0,1,6,10,NULL,299,15);
INSERT INTO onlineshop_produit VALUES(712,'Pomme−Reinette Ausseur−Franc','pommereinette-ausseurfranc','',0,1,6,1,NULL,299,15);
INSERT INTO onlineshop_produit VALUES(713,'Pomme−Reinette Baumann−M9','pommereinette-baumannm9','',0,1,6,8,NULL,300,15);
INSERT INTO onlineshop_produit VALUES(714,'Pomme−Reinette Baumann−M26','pommereinette-baumannm26','',0,1,6,9,NULL,300,15);
INSERT INTO onlineshop_produit VALUES(715,'Pomme−Reinette Baumann−M106','pommereinette-baumannm106','',0,1,6,10,NULL,300,15);
INSERT INTO onlineshop_produit VALUES(716,'Pomme−Reinette Baumann−Franc','pommereinette-baumannfranc','',0,1,6,1,NULL,300,15);
INSERT INTO onlineshop_produit VALUES(717,'Pomme−Reinette Clochard−M9','pommereinette-clochardm9','',0,1,6,8,NULL,301,15);
INSERT INTO onlineshop_produit VALUES(718,'Pomme−Reinette Clochard−M26','pommereinette-clochardm26','',0,1,6,9,NULL,301,15);
INSERT INTO onlineshop_produit VALUES(719,'Pomme−Reinette Clochard−M106','pommereinette-clochardm106','',0,1,6,10,NULL,301,15);
INSERT INTO onlineshop_produit VALUES(720,'Pomme−Reinette Clochard−Franc','pommereinette-clochardfranc','',0,1,6,1,NULL,301,15);
INSERT INTO onlineshop_produit VALUES(721,'Pomme−Reinette Clochard Bel air−M9','pommereinette-clochard-bel-airm9','',0,1,6,8,NULL,302,15);
INSERT INTO onlineshop_produit VALUES(722,'Pomme−Reinette Clochard Bel air−M26','pommereinette-clochard-bel-airm26','',0,1,6,9,NULL,302,15);
INSERT INTO onlineshop_produit VALUES(723,'Pomme−Reinette Clochard Bel air−M106','pommereinette-clochard-bel-airm106','',0,1,6,10,NULL,302,15);
INSERT INTO onlineshop_produit VALUES(724,'Pomme−Reinette Clochard Bel air−Franc','pommereinette-clochard-bel-airfranc','',0,1,6,1,NULL,302,15);
INSERT INTO onlineshop_produit VALUES(725,'Pomme−Reinette clochard grise−M9','pommereinette-clochard-grisem9','',0,1,6,8,NULL,303,15);
INSERT INTO onlineshop_produit VALUES(726,'Pomme−Reinette clochard grise−M26','pommereinette-clochard-grisem26','',0,1,6,9,NULL,303,15);
INSERT INTO onlineshop_produit VALUES(727,'Pomme−Reinette clochard grise−M106','pommereinette-clochard-grisem106','',0,1,6,10,NULL,303,15);
INSERT INTO onlineshop_produit VALUES(728,'Pomme−Reinette clochard grise−Franc','pommereinette-clochard-grisefranc','',0,1,6,1,NULL,303,15);
INSERT INTO onlineshop_produit VALUES(729,'Pomme−Reinette d Angleterre−M9','pommereinette-d-angleterrem9','',0,1,6,8,NULL,304,15);
INSERT INTO onlineshop_produit VALUES(730,'Pomme−Reinette d Angleterre−M26','pommereinette-d-angleterrem26','',0,1,6,9,NULL,304,15);
INSERT INTO onlineshop_produit VALUES(731,'Pomme−Reinette d Angleterre−M106','pommereinette-d-angleterrem106','',0,1,6,10,NULL,304,15);
INSERT INTO onlineshop_produit VALUES(732,'Pomme−Reinette d Angleterre−Franc','pommereinette-d-angleterrefranc','',0,1,6,1,NULL,304,15);
INSERT INTO onlineshop_produit VALUES(733,'Pomme−Reinette d Armorique−M9','pommereinette-d-armoriquem9','',0,1,6,8,NULL,305,15);
INSERT INTO onlineshop_produit VALUES(734,'Pomme−Reinette d Armorique−M26','pommereinette-d-armoriquem26','',0,1,6,9,NULL,305,15);
INSERT INTO onlineshop_produit VALUES(735,'Pomme−Reinette d Armorique−M106','pommereinette-d-armoriquem106','',0,1,6,10,NULL,305,15);
INSERT INTO onlineshop_produit VALUES(736,'Pomme−Reinette d Armorique−Franc','pommereinette-d-armoriquefranc','',0,1,6,1,NULL,305,15);
INSERT INTO onlineshop_produit VALUES(737,'Pomme−Reinette de Saint Savin (des alleuds)−M9','pommereinette-de-saint-savin-des-alleudsm9','',0,1,6,8,NULL,306,15);
INSERT INTO onlineshop_produit VALUES(738,'Pomme−Reinette de Saint Savin (des alleuds)−M26','pommereinette-de-saint-savin-des-alleudsm26','',0,1,6,9,NULL,306,15);
INSERT INTO onlineshop_produit VALUES(739,'Pomme−Reinette de Saint Savin (des alleuds)−M106','pommereinette-de-saint-savin-des-alleudsm106','',0,1,6,10,NULL,306,15);
INSERT INTO onlineshop_produit VALUES(740,'Pomme−Reinette de Saint Savin (des alleuds)−Franc','pommereinette-de-saint-savin-des-alleudsfranc','',0,1,6,1,NULL,306,15);
INSERT INTO onlineshop_produit VALUES(741,'Pomme−Reinette d Orleans−M9','pommereinette-d-orleansm9','',0,1,6,8,NULL,307,15);
INSERT INTO onlineshop_produit VALUES(742,'Pomme−Reinette d Orleans−M26','pommereinette-d-orleansm26','',0,1,6,9,NULL,307,15);
INSERT INTO onlineshop_produit VALUES(743,'Pomme−Reinette d Orleans−M106','pommereinette-d-orleansm106','',0,1,6,10,NULL,307,15);
INSERT INTO onlineshop_produit VALUES(744,'Pomme−Reinette d Orleans−Franc','pommereinette-d-orleansfranc','',0,1,6,1,NULL,307,15);
INSERT INTO onlineshop_produit VALUES(745,'Pomme−Reinette du Mans−M9','pommereinette-du-mansm9','',0,1,6,8,NULL,308,15);
INSERT INTO onlineshop_produit VALUES(746,'Pomme−Reinette du Mans−M26','pommereinette-du-mansm26','',0,1,6,9,NULL,308,15);
INSERT INTO onlineshop_produit VALUES(747,'Pomme−Reinette du Mans−M106','pommereinette-du-mansm106','',0,1,6,10,NULL,308,15);
INSERT INTO onlineshop_produit VALUES(748,'Pomme−Reinette du Mans−Franc','pommereinette-du-mansfranc','',0,1,6,1,NULL,308,15);
INSERT INTO onlineshop_produit VALUES(749,'Pomme−Reinette Dubuisson−M9','pommereinette-dubuissonm9','',0,1,6,8,NULL,309,15);
INSERT INTO onlineshop_produit VALUES(750,'Pomme−Reinette Dubuisson−M26','pommereinette-dubuissonm26','',0,1,6,9,NULL,309,15);
INSERT INTO onlineshop_produit VALUES(751,'Pomme−Reinette Dubuisson−M106','pommereinette-dubuissonm106','',0,1,6,10,NULL,309,15);
INSERT INTO onlineshop_produit VALUES(752,'Pomme−Reinette Dubuisson−Franc','pommereinette-dubuissonfranc','',0,1,6,1,NULL,309,15);
INSERT INTO onlineshop_produit VALUES(753,'Pomme−Reinette franche−M9','pommereinette-franchem9','',0,1,6,8,NULL,310,15);
INSERT INTO onlineshop_produit VALUES(754,'Pomme−Reinette franche−M26','pommereinette-franchem26','',0,1,6,9,NULL,310,15);
INSERT INTO onlineshop_produit VALUES(755,'Pomme−Reinette franche−M106','pommereinette-franchem106','',0,1,6,10,NULL,310,15);
INSERT INTO onlineshop_produit VALUES(756,'Pomme−Reinette franche−Franc','pommereinette-franchefranc','',0,1,6,1,NULL,310,15);
INSERT INTO onlineshop_produit VALUES(757,'Pomme−Reinette grand mère−M9','pommereinette-grand-merem9','',0,1,6,8,NULL,311,15);
INSERT INTO onlineshop_produit VALUES(758,'Pomme−Reinette grand mère−M26','pommereinette-grand-merem26','',0,1,6,9,NULL,311,15);
INSERT INTO onlineshop_produit VALUES(759,'Pomme−Reinette grand mère−M106','pommereinette-grand-merem106','',0,1,6,10,NULL,311,15);
INSERT INTO onlineshop_produit VALUES(760,'Pomme−Reinette grand mère−Franc','pommereinette-grand-merefranc','',0,1,6,1,NULL,311,15);
INSERT INTO onlineshop_produit VALUES(761,'Pomme−Reinette grand mère villemoisan−M9','pommereinette-grand-mere-villemoisanm9','',0,1,6,8,NULL,312,15);
INSERT INTO onlineshop_produit VALUES(762,'Pomme−Reinette grand mère villemoisan−M26','pommereinette-grand-mere-villemoisanm26','',0,1,6,9,NULL,312,15);
INSERT INTO onlineshop_produit VALUES(763,'Pomme−Reinette grand mère villemoisan−M106','pommereinette-grand-mere-villemoisanm106','',0,1,6,10,NULL,312,15);
INSERT INTO onlineshop_produit VALUES(764,'Pomme−Reinette grand mère villemoisan−Franc','pommereinette-grand-mere-villemoisanfranc','',0,1,6,1,NULL,312,15);
INSERT INTO onlineshop_produit VALUES(765,'Pomme−Reinette grise de Saintonge−M9','pommereinette-grise-de-saintongem9','',0,1,6,8,NULL,313,15);
INSERT INTO onlineshop_produit VALUES(766,'Pomme−Reinette grise de Saintonge−M26','pommereinette-grise-de-saintongem26','',0,1,6,9,NULL,313,15);
INSERT INTO onlineshop_produit VALUES(767,'Pomme−Reinette grise de Saintonge−M106','pommereinette-grise-de-saintongem106','',0,1,6,10,NULL,313,15);
INSERT INTO onlineshop_produit VALUES(768,'Pomme−Reinette grise de Saintonge−Franc','pommereinette-grise-de-saintongefranc','',0,1,6,1,NULL,313,15);
INSERT INTO onlineshop_produit VALUES(769,'Pomme−Reinette piquée−M9','pommereinette-piqueem9','',0,1,6,8,NULL,314,15);
INSERT INTO onlineshop_produit VALUES(770,'Pomme−Reinette piquée−M26','pommereinette-piqueem26','',0,1,6,9,NULL,314,15);
INSERT INTO onlineshop_produit VALUES(771,'Pomme−Reinette piquée−M106','pommereinette-piqueem106','',0,1,6,10,NULL,314,15);
INSERT INTO onlineshop_produit VALUES(772,'Pomme−Reinette piquée−Franc','pommereinette-piqueefranc','',0,1,6,1,NULL,314,15);
INSERT INTO onlineshop_produit VALUES(773,'Pomme−Richared−M9','pommericharedm9','',0,1,6,8,NULL,315,15);
INSERT INTO onlineshop_produit VALUES(774,'Pomme−Richared−M26','pommericharedm26','',0,1,6,9,NULL,315,15);
INSERT INTO onlineshop_produit VALUES(775,'Pomme−Richared−M106','pommericharedm106','',0,1,6,10,NULL,315,15);
INSERT INTO onlineshop_produit VALUES(776,'Pomme−Richared−Franc','pommericharedfranc','',0,1,6,1,NULL,315,15);
INSERT INTO onlineshop_produit VALUES(777,'Pomme−Rouget de Dol Prim−M9','pommerouget-de-dol-primm9','',0,1,6,8,NULL,317,15);
INSERT INTO onlineshop_produit VALUES(778,'Pomme−Rouget de Dol Prim−M26','pommerouget-de-dol-primm26','',0,1,6,9,NULL,317,15);
INSERT INTO onlineshop_produit VALUES(779,'Pomme−Rouget de Dol Prim−M106','pommerouget-de-dol-primm106','',0,1,6,10,NULL,317,15);
INSERT INTO onlineshop_produit VALUES(780,'Pomme−Rouget de Dol Prim−Franc','pommerouget-de-dol-primfranc','',0,1,6,1,NULL,317,15);
INSERT INTO onlineshop_produit VALUES(781,'Pomme−Royale d Angleterre−M9','pommeroyale-d-angleterrem9','',0,1,6,8,NULL,318,15);
INSERT INTO onlineshop_produit VALUES(782,'Pomme−Royale d Angleterre−M26','pommeroyale-d-angleterrem26','',0,1,6,9,NULL,318,15);
INSERT INTO onlineshop_produit VALUES(783,'Pomme−Royale d Angleterre−M106','pommeroyale-d-angleterrem106','',0,1,6,10,NULL,318,15);
INSERT INTO onlineshop_produit VALUES(784,'Pomme−Royale d Angleterre−Franc','pommeroyale-d-angleterrefranc','',0,1,6,1,NULL,318,15);
INSERT INTO onlineshop_produit VALUES(785,'Pomme−Rubinette−M9','pommerubinettem9','',0,1,6,8,NULL,319,15);
INSERT INTO onlineshop_produit VALUES(786,'Pomme−Rubinette−M26','pommerubinettem26','',0,1,6,9,NULL,319,15);
INSERT INTO onlineshop_produit VALUES(787,'Pomme−Rubinette−M106','pommerubinettem106','',0,1,6,10,NULL,319,15);
INSERT INTO onlineshop_produit VALUES(788,'Pomme−Rubinette−Franc','pommerubinettefranc','',0,1,6,1,NULL,319,15);
INSERT INTO onlineshop_produit VALUES(789,'Pomme−Sans pareil de peasgood−M9','pommesans-pareil-de-peasgoodm9','',0,1,6,8,NULL,320,15);
INSERT INTO onlineshop_produit VALUES(790,'Pomme−Sans pareil de peasgood−M26','pommesans-pareil-de-peasgoodm26','',0,1,6,9,NULL,320,15);
INSERT INTO onlineshop_produit VALUES(791,'Pomme−Sans pareil de peasgood−M106','pommesans-pareil-de-peasgoodm106','',0,1,6,10,NULL,320,15);
INSERT INTO onlineshop_produit VALUES(792,'Pomme−Sans pareil de peasgood−Franc','pommesans-pareil-de-peasgoodfranc','',0,1,6,1,NULL,320,15);
INSERT INTO onlineshop_produit VALUES(793,'Pomme−Sign tilish−M9','pommesign-tilishm9','',0,1,6,8,NULL,321,15);
INSERT INTO onlineshop_produit VALUES(794,'Pomme−Sign tilish−M26','pommesign-tilishm26','',0,1,6,9,NULL,321,15);
INSERT INTO onlineshop_produit VALUES(795,'Pomme−Sign tilish−M106','pommesign-tilishm106','',0,1,6,10,NULL,321,15);
INSERT INTO onlineshop_produit VALUES(796,'Pomme−Sign tilish−Franc','pommesign-tilishfranc','',0,1,6,1,NULL,321,15);
INSERT INTO onlineshop_produit VALUES(797,'Pomme−Teint frais−M9','pommeteint-fraism9','',0,1,6,8,NULL,324,15);
INSERT INTO onlineshop_produit VALUES(798,'Pomme−Teint frais−M26','pommeteint-fraism26','',0,1,6,9,NULL,324,15);
INSERT INTO onlineshop_produit VALUES(799,'Pomme−Teint frais−M106','pommeteint-fraism106','',0,1,6,10,NULL,324,15);
INSERT INTO onlineshop_produit VALUES(800,'Pomme−Teint frais−Franc','pommeteint-fraisfranc','',0,1,6,1,NULL,324,15);
INSERT INTO onlineshop_produit VALUES(801,'Pomme−Transparente de Croncels−M9','pommetransparente-de-croncelsm9','',0,1,6,8,NULL,325,15);
INSERT INTO onlineshop_produit VALUES(802,'Pomme−Transparente de Croncels−M26','pommetransparente-de-croncelsm26','',0,1,6,9,NULL,325,15);
INSERT INTO onlineshop_produit VALUES(803,'Pomme−Transparente de Croncels−M106','pommetransparente-de-croncelsm106','',0,1,6,10,NULL,325,15);
INSERT INTO onlineshop_produit VALUES(804,'Pomme−Transparente de Croncels−Franc','pommetransparente-de-croncelsfranc','',0,1,6,1,NULL,325,15);
INSERT INTO onlineshop_produit VALUES(805,'Pomme−Violine−M9','pommeviolinem9','',0,1,6,8,NULL,327,15);
INSERT INTO onlineshop_produit VALUES(806,'Pomme−Violine−M26','pommeviolinem26','',0,1,6,9,NULL,327,15);
INSERT INTO onlineshop_produit VALUES(807,'Pomme−Violine−M106','pommeviolinem106','',0,1,6,10,NULL,327,15);
INSERT INTO onlineshop_produit VALUES(808,'Pomme−Violine−Franc','pommeviolinefranc','',0,1,6,1,NULL,327,15);
INSERT INTO onlineshop_produit VALUES(809,'Pomme−Vista bella−M9','pommevista-bellam9','',0,1,6,8,NULL,328,15);
INSERT INTO onlineshop_produit VALUES(810,'Pomme−Vista bella−M26','pommevista-bellam26','',0,1,6,9,NULL,328,15);
INSERT INTO onlineshop_produit VALUES(811,'Pomme−Vista bella−M106','pommevista-bellam106','',0,1,6,10,NULL,328,15);
INSERT INTO onlineshop_produit VALUES(812,'Pomme−Vista bella−Franc','pommevista-bellafranc','',0,1,6,1,NULL,328,15);
INSERT INTO onlineshop_produit VALUES(813,'Pomme−Winter Banana−M9','pommewinter-bananam9','',0,1,6,8,NULL,329,15);
INSERT INTO onlineshop_produit VALUES(814,'Pomme−Winter Banana−M26','pommewinter-bananam26','',0,1,6,9,NULL,329,15);
INSERT INTO onlineshop_produit VALUES(815,'Pomme−Winter Banana−M106','pommewinter-bananam106','',0,1,6,10,NULL,329,15);
INSERT INTO onlineshop_produit VALUES(816,'Pomme−Winter Banana−Franc','pommewinter-bananafranc','',0,1,6,1,NULL,329,15);
INSERT INTO onlineshop_produit VALUES(817,'Pomme−Anisha II−M9','pommeanisha-iim9','',0,1,6,8,NULL,187,15);
INSERT INTO onlineshop_produit VALUES(818,'Pomme−Anisha II−M26','pommeanisha-iim26','',0,1,6,9,NULL,187,15);
INSERT INTO onlineshop_produit VALUES(819,'Pomme−Anisha II−M106','pommeanisha-iim106','',0,1,6,10,NULL,187,15);
INSERT INTO onlineshop_produit VALUES(820,'Pomme−Anisha II−Franc','pommeanisha-iifranc','',0,1,6,1,NULL,187,15);
INSERT INTO onlineshop_produit VALUES(821,'Pomme−Avrolles−M9','pommeavrollesm9','',0,1,6,8,NULL,191,15);
INSERT INTO onlineshop_produit VALUES(822,'Pomme−Avrolles−M26','pommeavrollesm26','',0,1,6,9,NULL,191,15);
INSERT INTO onlineshop_produit VALUES(823,'Pomme−Avrolles−M106','pommeavrollesm106','',0,1,6,10,NULL,191,15);
INSERT INTO onlineshop_produit VALUES(824,'Pomme−Avrolles−Franc','pommeavrollesfranc','',0,1,6,1,NULL,191,15);
INSERT INTO onlineshop_produit VALUES(825,'Pomme−Bedan−M9','pommebedanm9','',0,1,6,8,NULL,195,15);
INSERT INTO onlineshop_produit VALUES(826,'Pomme−Bedan−M26','pommebedanm26','',0,1,6,9,NULL,195,15);
INSERT INTO onlineshop_produit VALUES(827,'Pomme−Bedan−M106','pommebedanm106','',0,1,6,10,NULL,195,15);
INSERT INTO onlineshop_produit VALUES(828,'Pomme−Bedan−Franc','pommebedanfranc','',0,1,6,1,NULL,195,15);
INSERT INTO onlineshop_produit VALUES(829,'Pomme−Blanc sur−M9','pommeblanc-surm9','',0,1,6,8,NULL,205,15);
INSERT INTO onlineshop_produit VALUES(830,'Pomme−Blanc sur−M26','pommeblanc-surm26','',0,1,6,9,NULL,205,15);
INSERT INTO onlineshop_produit VALUES(831,'Pomme−Blanc sur−M106','pommeblanc-surm106','',0,1,6,10,NULL,205,15);
INSERT INTO onlineshop_produit VALUES(832,'Pomme−Blanc sur−Franc','pommeblanc-surfranc','',0,1,6,1,NULL,205,15);
INSERT INTO onlineshop_produit VALUES(833,'Pomme−Ciré rouge−M9','pommecire-rougem9','',0,1,6,8,NULL,223,15);
INSERT INTO onlineshop_produit VALUES(834,'Pomme−Ciré rouge−M26','pommecire-rougem26','',0,1,6,9,NULL,223,15);
INSERT INTO onlineshop_produit VALUES(835,'Pomme−Ciré rouge−M106','pommecire-rougem106','',0,1,6,10,NULL,223,15);
INSERT INTO onlineshop_produit VALUES(836,'Pomme−Ciré rouge−Franc','pommecire-rougefranc','',0,1,6,1,NULL,223,15);
INSERT INTO onlineshop_produit VALUES(837,'Pomme−Coco d issé−M9','pommecoco-d-issem9','',0,1,6,8,NULL,225,15);
INSERT INTO onlineshop_produit VALUES(838,'Pomme−Coco d issé−M26','pommecoco-d-issem26','',0,1,6,9,NULL,225,15);
INSERT INTO onlineshop_produit VALUES(839,'Pomme−Coco d issé−M106','pommecoco-d-issem106','',0,1,6,10,NULL,225,15);
INSERT INTO onlineshop_produit VALUES(840,'Pomme−Coco d issé−Franc','pommecoco-d-issefranc','',0,1,6,1,NULL,225,15);
INSERT INTO onlineshop_produit VALUES(841,'Pomme−Crassoux−M9','pommecrassouxm9','',0,1,6,8,NULL,233,15);
INSERT INTO onlineshop_produit VALUES(842,'Pomme−Crassoux−M26','pommecrassouxm26','',0,1,6,9,NULL,233,15);
INSERT INTO onlineshop_produit VALUES(843,'Pomme−Crassoux−M106','pommecrassouxm106','',0,1,6,10,NULL,233,15);
INSERT INTO onlineshop_produit VALUES(844,'Pomme−Crassoux−Franc','pommecrassouxfranc','',0,1,6,1,NULL,233,15);
INSERT INTO onlineshop_produit VALUES(845,'Pomme−Damelo−M9','pommedamelom9','',0,1,6,8,NULL,235,15);
INSERT INTO onlineshop_produit VALUES(846,'Pomme−Damelo−M26','pommedamelom26','',0,1,6,9,NULL,235,15);
INSERT INTO onlineshop_produit VALUES(847,'Pomme−Damelo−M106','pommedamelom106','',0,1,6,10,NULL,235,15);
INSERT INTO onlineshop_produit VALUES(848,'Pomme−Damelo−Franc','pommedamelofranc','',0,1,6,1,NULL,235,15);
INSERT INTO onlineshop_produit VALUES(849,'Pomme−De fer−M9','pommede-ferm9','',0,1,6,8,NULL,237,15);
INSERT INTO onlineshop_produit VALUES(850,'Pomme−De fer−M26','pommede-ferm26','',0,1,6,9,NULL,237,15);
INSERT INTO onlineshop_produit VALUES(851,'Pomme−De fer−M106','pommede-ferm106','',0,1,6,10,NULL,237,15);
INSERT INTO onlineshop_produit VALUES(852,'Pomme−De fer−Franc','pommede-ferfranc','',0,1,6,1,NULL,237,15);
INSERT INTO onlineshop_produit VALUES(853,'Pomme−Doux amer bras−M9','pommedoux-amer-brasm9','',0,1,6,8,NULL,242,15);
INSERT INTO onlineshop_produit VALUES(854,'Pomme−Doux amer bras−M26','pommedoux-amer-brasm26','',0,1,6,9,NULL,242,15);
INSERT INTO onlineshop_produit VALUES(855,'Pomme−Doux amer bras−M106','pommedoux-amer-brasm106','',0,1,6,10,NULL,242,15);
INSERT INTO onlineshop_produit VALUES(856,'Pomme−Doux amer bras−Franc','pommedoux-amer-brasfranc','',0,1,6,1,NULL,242,15);
INSERT INTO onlineshop_produit VALUES(857,'Pomme−Frequin rouge−M9','pommefrequin-rougem9','',0,1,6,8,NULL,251,15);
INSERT INTO onlineshop_produit VALUES(858,'Pomme−Frequin rouge−M26','pommefrequin-rougem26','',0,1,6,9,NULL,251,15);
INSERT INTO onlineshop_produit VALUES(859,'Pomme−Frequin rouge−M106','pommefrequin-rougem106','',0,1,6,10,NULL,251,15);
INSERT INTO onlineshop_produit VALUES(860,'Pomme−Frequin rouge−Franc','pommefrequin-rougefranc','',0,1,6,1,NULL,251,15);
INSERT INTO onlineshop_produit VALUES(861,'Pomme−Frequinette−M9','pommefrequinettem9','',0,1,6,8,NULL,252,15);
INSERT INTO onlineshop_produit VALUES(862,'Pomme−Frequinette−M26','pommefrequinettem26','',0,1,6,9,NULL,252,15);
INSERT INTO onlineshop_produit VALUES(863,'Pomme−Frequinette−M106','pommefrequinettem106','',0,1,6,10,NULL,252,15);
INSERT INTO onlineshop_produit VALUES(864,'Pomme−Frequinette−Franc','pommefrequinettefranc','',0,1,6,1,NULL,252,15);
INSERT INTO onlineshop_produit VALUES(865,'Pomme−Guilevic−M9','pommeguilevicm9','',0,1,6,8,NULL,262,15);
INSERT INTO onlineshop_produit VALUES(866,'Pomme−Guilevic−M26','pommeguilevicm26','',0,1,6,9,NULL,262,15);
INSERT INTO onlineshop_produit VALUES(867,'Pomme−Guilevic−M106','pommeguilevicm106','',0,1,6,10,NULL,262,15);
INSERT INTO onlineshop_produit VALUES(868,'Pomme−Guilevic−Franc','pommeguilevicfranc','',0,1,6,1,NULL,262,15);
INSERT INTO onlineshop_produit VALUES(869,'Pomme−Judeline−M9','pommejudelinem9','',0,1,6,8,NULL,266,15);
INSERT INTO onlineshop_produit VALUES(870,'Pomme−Judeline−M26','pommejudelinem26','',0,1,6,9,NULL,266,15);
INSERT INTO onlineshop_produit VALUES(871,'Pomme−Judeline−M106','pommejudelinem106','',0,1,6,10,NULL,266,15);
INSERT INTO onlineshop_produit VALUES(872,'Pomme−Judeline−Franc','pommejudelinefranc','',0,1,6,1,NULL,266,15);
INSERT INTO onlineshop_produit VALUES(873,'Pomme−Judin−M9','pommejudinm9','',0,1,6,8,NULL,267,15);
INSERT INTO onlineshop_produit VALUES(874,'Pomme−Judin−M26','pommejudinm26','',0,1,6,9,NULL,267,15);
INSERT INTO onlineshop_produit VALUES(875,'Pomme−Judin−M106','pommejudinm106','',0,1,6,10,NULL,267,15);
INSERT INTO onlineshop_produit VALUES(876,'Pomme−Judin−Franc','pommejudinfranc','',0,1,6,1,NULL,267,15);
INSERT INTO onlineshop_produit VALUES(877,'Pomme−Judor−M9','pommejudorm9','',0,1,6,8,NULL,268,15);
INSERT INTO onlineshop_produit VALUES(878,'Pomme−Judor−M26','pommejudorm26','',0,1,6,9,NULL,268,15);
INSERT INTO onlineshop_produit VALUES(879,'Pomme−Judor−M106','pommejudorm106','',0,1,6,10,NULL,268,15);
INSERT INTO onlineshop_produit VALUES(880,'Pomme−Judor−Franc','pommejudorfranc','',0,1,6,1,NULL,268,15);
INSERT INTO onlineshop_produit VALUES(881,'Pomme−Locard blanc−M9','pommelocard-blancm9','',0,1,6,8,NULL,272,15);
INSERT INTO onlineshop_produit VALUES(882,'Pomme−Locard blanc−M26','pommelocard-blancm26','',0,1,6,9,NULL,272,15);
INSERT INTO onlineshop_produit VALUES(883,'Pomme−Locard blanc−M106','pommelocard-blancm106','',0,1,6,10,NULL,272,15);
INSERT INTO onlineshop_produit VALUES(884,'Pomme−Locard blanc−Franc','pommelocard-blancfranc','',0,1,6,1,NULL,272,15);
INSERT INTO onlineshop_produit VALUES(885,'Pomme−Locard rouge−M9','pommelocard-rougem9','',0,1,6,8,NULL,273,15);
INSERT INTO onlineshop_produit VALUES(886,'Pomme−Locard rouge−M26','pommelocard-rougem26','',0,1,6,9,NULL,273,15);
INSERT INTO onlineshop_produit VALUES(887,'Pomme−Locard rouge−M106','pommelocard-rougem106','',0,1,6,10,NULL,273,15);
INSERT INTO onlineshop_produit VALUES(888,'Pomme−Locard rouge−Franc','pommelocard-rougefranc','',0,1,6,1,NULL,273,15);
INSERT INTO onlineshop_produit VALUES(889,'Pomme−Locard vert−M9','pommelocard-vertm9','',0,1,6,8,NULL,274,15);
INSERT INTO onlineshop_produit VALUES(890,'Pomme−Locard vert−M26','pommelocard-vertm26','',0,1,6,9,NULL,274,15);
INSERT INTO onlineshop_produit VALUES(891,'Pomme−Locard vert−M106','pommelocard-vertm106','',0,1,6,10,NULL,274,15);
INSERT INTO onlineshop_produit VALUES(892,'Pomme−Locard vert−Franc','pommelocard-vertfranc','',0,1,6,1,NULL,274,15);
INSERT INTO onlineshop_produit VALUES(893,'Pomme−Marie Menard−M9','pommemarie-menardm9','',0,1,6,8,NULL,277,15);
INSERT INTO onlineshop_produit VALUES(894,'Pomme−Marie Menard−M26','pommemarie-menardm26','',0,1,6,9,NULL,277,15);
INSERT INTO onlineshop_produit VALUES(895,'Pomme−Marie Menard−M106','pommemarie-menardm106','',0,1,6,10,NULL,277,15);
INSERT INTO onlineshop_produit VALUES(896,'Pomme−Marie Menard−Franc','pommemarie-menardfranc','',0,1,6,1,NULL,277,15);
INSERT INTO onlineshop_produit VALUES(897,'Pomme−Peau de vache−M9','pommepeau-de-vachem9','',0,1,6,8,NULL,284,15);
INSERT INTO onlineshop_produit VALUES(898,'Pomme−Peau de vache−M26','pommepeau-de-vachem26','',0,1,6,9,NULL,284,15);
INSERT INTO onlineshop_produit VALUES(899,'Pomme−Peau de vache−M106','pommepeau-de-vachem106','',0,1,6,10,NULL,284,15);
INSERT INTO onlineshop_produit VALUES(900,'Pomme−Peau de vache−Franc','pommepeau-de-vachefranc','',0,1,6,1,NULL,284,15);
INSERT INTO onlineshop_produit VALUES(901,'Pomme−Petit doux−M9','pommepetit-douxm9','',0,1,6,8,NULL,287,15);
INSERT INTO onlineshop_produit VALUES(902,'Pomme−Petit doux−M26','pommepetit-douxm26','',0,1,6,9,NULL,287,15);
INSERT INTO onlineshop_produit VALUES(903,'Pomme−Petit doux−M106','pommepetit-douxm106','',0,1,6,10,NULL,287,15);
INSERT INTO onlineshop_produit VALUES(904,'Pomme−Petit doux−Franc','pommepetit-douxfranc','',0,1,6,1,NULL,287,15);
INSERT INTO onlineshop_produit VALUES(905,'Pomme−Petit jaune bonsergent−M9','pommepetit-jaune-bonsergentm9','',0,1,6,8,NULL,288,15);
INSERT INTO onlineshop_produit VALUES(906,'Pomme−Petit jaune bonsergent−M26','pommepetit-jaune-bonsergentm26','',0,1,6,9,NULL,288,15);
INSERT INTO onlineshop_produit VALUES(907,'Pomme−Petit jaune bonsergent−M106','pommepetit-jaune-bonsergentm106','',0,1,6,10,NULL,288,15);
INSERT INTO onlineshop_produit VALUES(908,'Pomme−Petit jaune bonsergent−Franc','pommepetit-jaune-bonsergentfranc','',0,1,6,1,NULL,288,15);
INSERT INTO onlineshop_produit VALUES(909,'Pomme−Petit jaune tardif−M9','pommepetit-jaune-tardifm9','',0,1,6,8,NULL,289,15);
INSERT INTO onlineshop_produit VALUES(910,'Pomme−Petit jaune tardif−M26','pommepetit-jaune-tardifm26','',0,1,6,9,NULL,289,15);
INSERT INTO onlineshop_produit VALUES(911,'Pomme−Petit jaune tardif−M106','pommepetit-jaune-tardifm106','',0,1,6,10,NULL,289,15);
INSERT INTO onlineshop_produit VALUES(912,'Pomme−Petit jaune tardif−Franc','pommepetit-jaune-tardiffranc','',0,1,6,1,NULL,289,15);
INSERT INTO onlineshop_produit VALUES(913,'Pomme−Pigeonnet−M9','pommepigeonnetm9','',0,1,6,8,NULL,291,15);
INSERT INTO onlineshop_produit VALUES(914,'Pomme−Pigeonnet−M26','pommepigeonnetm26','',0,1,6,9,NULL,291,15);
INSERT INTO onlineshop_produit VALUES(915,'Pomme−Pigeonnet−M106','pommepigeonnetm106','',0,1,6,10,NULL,291,15);
INSERT INTO onlineshop_produit VALUES(916,'Pomme−Pigeonnet−Franc','pommepigeonnetfranc','',0,1,6,1,NULL,291,15);
INSERT INTO onlineshop_produit VALUES(917,'Pomme−Piment−M9','pommepimentm9','',0,1,6,8,NULL,292,15);
INSERT INTO onlineshop_produit VALUES(918,'Pomme−Piment−M26','pommepimentm26','',0,1,6,9,NULL,292,15);
INSERT INTO onlineshop_produit VALUES(919,'Pomme−Piment−M106','pommepimentm106','',0,1,6,10,NULL,292,15);
INSERT INTO onlineshop_produit VALUES(920,'Pomme−Piment−Franc','pommepimentfranc','',0,1,6,1,NULL,292,15);
INSERT INTO onlineshop_produit VALUES(921,'Pomme−Rouget de Dol−M9','pommerouget-de-dolm9','',0,1,6,8,NULL,316,15);
INSERT INTO onlineshop_produit VALUES(922,'Pomme−Rouget de Dol−M26','pommerouget-de-dolm26','',0,1,6,9,NULL,316,15);
INSERT INTO onlineshop_produit VALUES(923,'Pomme−Rouget de Dol−M106','pommerouget-de-dolm106','',0,1,6,10,NULL,316,15);
INSERT INTO onlineshop_produit VALUES(924,'Pomme−Rouget de Dol−Franc','pommerouget-de-dolfranc','',0,1,6,1,NULL,316,15);
INSERT INTO onlineshop_produit VALUES(925,'Pomme−Sucré de garenne−M9','pommesucre-de-garennem9','',0,1,6,8,NULL,322,15);
INSERT INTO onlineshop_produit VALUES(926,'Pomme−Sucré de garenne−M26','pommesucre-de-garennem26','',0,1,6,9,NULL,322,15);
INSERT INTO onlineshop_produit VALUES(927,'Pomme−Sucré de garenne−M106','pommesucre-de-garennem106','',0,1,6,10,NULL,322,15);
INSERT INTO onlineshop_produit VALUES(928,'Pomme−Sucré de garenne−Franc','pommesucre-de-garennefranc','',0,1,6,1,NULL,322,15);
INSERT INTO onlineshop_produit VALUES(929,'Pomme−Tardive de la sarthe−M9','pommetardive-de-la-sarthem9','',0,1,6,8,NULL,323,15);
INSERT INTO onlineshop_produit VALUES(930,'Pomme−Tardive de la sarthe−M26','pommetardive-de-la-sarthem26','',0,1,6,9,NULL,323,15);
INSERT INTO onlineshop_produit VALUES(931,'Pomme−Tardive de la sarthe−M106','pommetardive-de-la-sarthem106','',0,1,6,10,NULL,323,15);
INSERT INTO onlineshop_produit VALUES(932,'Pomme−Tardive de la sarthe−Franc','pommetardive-de-la-sarthefranc','',0,1,6,1,NULL,323,15);
INSERT INTO onlineshop_produit VALUES(933,'Pomme−Type avrolles bonsergent−M9','pommetype-avrolles-bonsergentm9','',0,1,6,8,NULL,326,15);
INSERT INTO onlineshop_produit VALUES(934,'Pomme−Type avrolles bonsergent−M26','pommetype-avrolles-bonsergentm26','',0,1,6,9,NULL,326,15);
INSERT INTO onlineshop_produit VALUES(935,'Pomme−Type avrolles bonsergent−M106','pommetype-avrolles-bonsergentm106','',0,1,6,10,NULL,326,15);
INSERT INTO onlineshop_produit VALUES(936,'Pomme−Type avrolles bonsergent−Franc','pommetype-avrolles-bonsergentfranc','',0,1,6,1,NULL,326,15);
INSERT INTO onlineshop_produit VALUES(937,'Cassis−Andega−NA','cassisandegana','',0,1,8,11,NULL,336,15);
INSERT INTO onlineshop_produit VALUES(938,'Cassis−Bigno−NA','cassisbignona','',30,1,8,11,NULL,337,15);
INSERT INTO onlineshop_produit VALUES(939,'Cassis−Géant de boskoop−NA','cassisgeant-de-boskoopna','',0,1,8,11,NULL,338,15);
INSERT INTO onlineshop_produit VALUES(940,'Cassis−Royal de naples−NA','cassisroyal-de-naplesna','',0,1,8,11,NULL,339,15);
INSERT INTO onlineshop_produit VALUES(941,'Casseille−Anita−NA','casseilleanitana','',0,1,9,11,NULL,340,15);
INSERT INTO onlineshop_produit VALUES(942,'Casseille−Rita−NA','casseilleritana','',0,1,9,11,NULL,341,15);
INSERT INTO onlineshop_produit VALUES(943,'Groseille−Versaillaise rouge−NA','groseilleversaillaise-rougena','',0,1,7,11,NULL,343,15);
INSERT INTO onlineshop_produit VALUES(944,'Groseille−Versaillaise blanche−NA','groseilleversaillaise-blanchena','',0,1,7,11,NULL,342,15);
INSERT INTO onlineshop_produit VALUES(945,'Groseille à maquereaux−Himmomaki−NA','groseille-a-maquereauxhimmomakina','',0,1,12,11,NULL,344,15);
INSERT INTO onlineshop_produit VALUES(946,'Pêche−Amsden−St Ju','pecheamsdenst-ju','',0,1,1,2,NULL,2,15);
INSERT INTO onlineshop_produit VALUES(947,'Pêche−Tardive du mont d or−St Ju','pechetardive-du-mont-d-orst-ju','',0,1,1,2,NULL,30,15);
INSERT INTO onlineshop_produit VALUES(948,'Cognassier−Arromatnaya−CP','cognassierarromatnayacp','',14,1,13,3,NULL,347,15);
INSERT INTO onlineshop_produit VALUES(949,'Nashi−Niitaki−Franc','nashiniitakifranc','',40,1,10,1,NULL,352,15);
INSERT INTO onlineshop_produit VALUES(950,'Amandier−Douce de Champagne−St Ju','amandierdouce-de-champagnest-ju','',0,1,11,2,NULL,345,15);
INSERT INTO onlineshop_produit VALUES(951,'Amandier−Princesse−Franc','amandierprincessefranc','',0,1,11,1,NULL,346,15);
INSERT INTO onlineshop_produit VALUES(952,'Neflier−Gros d−Franc','nefliergros-dfranc','',0,1,14,1,NULL,353,15);
INSERT INTO onlineshop_produit VALUES(953,'Pêche−Alberge−St Ju','pechealbergest-ju','',0,1,1,2,NULL,1,15);
INSERT INTO onlineshop_produit VALUES(954,'Poires−Abbé Fetel−CP','poiresabbe-fetelcp','',0,1,2,3,NULL,31,15);
INSERT INTO onlineshop_produit VALUES(955,'Poires−Abbé Fetel−Franc','poiresabbe-fetelfranc','',0,1,2,1,NULL,31,15);
INSERT INTO onlineshop_produit VALUES(956,'Poires−Alexandrine Douillard−CP','poiresalexandrine-douillardcp','',34,1,2,3,NULL,32,15);
INSERT INTO onlineshop_produit VALUES(957,'Poires−Alexandrine Douillard−Franc','poiresalexandrine-douillardfranc','',0,1,2,1,NULL,32,15);
INSERT INTO onlineshop_produit VALUES(958,'Poires−Belle de Bruxelles−CP','poiresbelle-de-bruxellescp','',0,1,2,3,NULL,34,15);
INSERT INTO onlineshop_produit VALUES(959,'Poires−Belle de Bruxelles−Franc','poiresbelle-de-bruxellesfranc','',0,1,2,1,NULL,34,15);
INSERT INTO onlineshop_produit VALUES(960,'Poires−Belle fauve−CP','poiresbelle-fauvecp','',60,1,2,3,NULL,35,15);
INSERT INTO onlineshop_produit VALUES(961,'Poires−Belle fauve−Franc','poiresbelle-fauvefranc','',40,1,2,1,NULL,35,15);
INSERT INTO onlineshop_produit VALUES(963,'Poires−Belle guérandaise−CP','poiresbelle-guerandaisecp','',60,1,2,3,NULL,36,15);
INSERT INTO onlineshop_produit VALUES(964,'Poires−Belle guérandaise−Franc','poiresbelle-guerandaisefranc','',50,1,2,1,NULL,36,15);
INSERT INTO onlineshop_produit VALUES(965,'Poires−Bergamote esperen−CP','poiresbergamote-esperencp','',30,1,2,3,NULL,37,15);
INSERT INTO onlineshop_produit VALUES(966,'Poires−Bergamote esperen−Franc','poiresbergamote-esperenfranc','',30,1,2,1,NULL,37,15);
INSERT INTO onlineshop_produit VALUES(967,'Poires−Beurré Clairgeau−CP','poiresbeurre-clairgeaucp','',0,1,2,3,NULL,38,15);
INSERT INTO onlineshop_produit VALUES(968,'Poires−Beurré Clairgeau−Franc','poiresbeurre-clairgeaufranc','',0,1,2,1,NULL,38,15);
INSERT INTO onlineshop_produit VALUES(969,'Poires−Beurré d Anjou−CP','poiresbeurre-d-anjoucp','',0,1,2,3,NULL,40,15);
INSERT INTO onlineshop_produit VALUES(970,'Poires−Beurré d Anjou−Franc','poiresbeurre-d-anjoufranc','',0,1,2,1,NULL,40,15);
INSERT INTO onlineshop_produit VALUES(971,'Poires−Beurré d Amanlis−CP','poiresbeurre-d-amanliscp','',0,1,2,3,NULL,39,15);
INSERT INTO onlineshop_produit VALUES(972,'Poires−Beurré d Amanlis−Franc','poiresbeurre-d-amanlisfranc','',0,1,2,1,NULL,39,15);
INSERT INTO onlineshop_produit VALUES(973,'Poires−Beurré d Ardenpont−CP','poiresbeurre-d-ardenpontcp','',0,1,2,3,NULL,42,15);
INSERT INTO onlineshop_produit VALUES(974,'Poires−Beurré d Ardenpont−Franc','poiresbeurre-d-ardenpontfranc','',0,1,2,1,NULL,42,15);
INSERT INTO onlineshop_produit VALUES(975,'Poires−Beurré des enfants nantais (I)−CP','poiresbeurre-des-enfants-nantais-icp','',0,1,2,3,NULL,41,15);
INSERT INTO onlineshop_produit VALUES(976,'Poires−Beurré des enfants nantais (I)−Franc','poiresbeurre-des-enfants-nantais-ifranc','',0,1,2,1,NULL,41,15);
INSERT INTO onlineshop_produit VALUES(977,'Poires−Beurré diel−CP','poiresbeurre-dielcp','',0,1,2,3,NULL,43,15);
INSERT INTO onlineshop_produit VALUES(978,'Poires−Beurré diel−Franc','poiresbeurre-dielfranc','',0,1,2,1,NULL,43,15);
INSERT INTO onlineshop_produit VALUES(979,'Poires−Beurré dumortier−CP','poiresbeurre-dumortiercp','',0,1,2,3,NULL,44,15);
INSERT INTO onlineshop_produit VALUES(980,'Poires−Beurré dumortier−Franc','poiresbeurre-dumortierfranc','',0,1,2,1,NULL,44,15);
INSERT INTO onlineshop_produit VALUES(981,'Poires−Beurre Giffard−CP','poiresbeurre-giffardcp','',20,1,2,3,NULL,45,15);
INSERT INTO onlineshop_produit VALUES(982,'Poires−Beurre Giffard−Franc','poiresbeurre-giffardfranc','',0,1,2,1,NULL,45,15);
INSERT INTO onlineshop_produit VALUES(983,'Poires−Beurré gris de luçon−CP','poiresbeurre-gris-de-luconcp','',0,1,2,3,NULL,46,15);
INSERT INTO onlineshop_produit VALUES(984,'Poires−Beurré gris de luçon−Franc','poiresbeurre-gris-de-luconfranc','',0,1,2,1,NULL,46,15);
INSERT INTO onlineshop_produit VALUES(985,'Poires−Beurré Hardy−CP','poiresbeurre-hardycp','',0,1,2,3,NULL,47,15);
INSERT INTO onlineshop_produit VALUES(986,'Poires−Beurré Hardy−Franc','poiresbeurre-hardyfranc','',0,1,2,1,NULL,47,15);
INSERT INTO onlineshop_produit VALUES(987,'Poires−Beurré Naghin−CP','poiresbeurre-naghincp','',0,1,2,3,NULL,48,15);
INSERT INTO onlineshop_produit VALUES(988,'Poires−Beurré Naghin−Franc','poiresbeurre-naghinfranc','',0,1,2,1,NULL,48,15);
INSERT INTO onlineshop_produit VALUES(989,'Poires−Beurré six−CP','poiresbeurre-sixcp','',0,1,2,3,NULL,49,15);
INSERT INTO onlineshop_produit VALUES(990,'Poires−Beurré six−Franc','poiresbeurre-sixfranc','',0,1,2,1,NULL,49,15);
INSERT INTO onlineshop_produit VALUES(991,'Poires−Beurré Superfin−CP','poiresbeurre-superfincp','',0,1,2,3,NULL,50,15);
INSERT INTO onlineshop_produit VALUES(992,'Poires−Beurré Superfin−Franc','poiresbeurre-superfinfranc','',0,1,2,1,NULL,50,15);
INSERT INTO onlineshop_produit VALUES(993,'Poires−Casteline−CP','poirescastelinecp','',0,1,2,3,NULL,51,15);
INSERT INTO onlineshop_produit VALUES(994,'Poires−Casteline−Franc','poirescastelinefranc','',0,1,2,1,NULL,51,15);
INSERT INTO onlineshop_produit VALUES(995,'Poires−Claps favourite−CP','poiresclaps-favouritecp','',0,1,2,3,NULL,53,15);
INSERT INTO onlineshop_produit VALUES(996,'Poires−Claps favourite−Franc','poiresclaps-favouritefranc','',0,1,2,1,NULL,53,15);
INSERT INTO onlineshop_produit VALUES(997,'Poires−Conférence−CP','poiresconferencecp','',0,1,2,3,NULL,55,15);
INSERT INTO onlineshop_produit VALUES(998,'Poires−Conférence−Franc','poiresconferencefranc','',0,1,2,1,NULL,55,15);
INSERT INTO onlineshop_produit VALUES(999,'Poires−Comtesse de Paris−CP','poirescomtesse-de-pariscp','',0,1,2,3,NULL,54,15);
INSERT INTO onlineshop_produit VALUES(1000,'Poires−Comtesse de Paris−Franc','poirescomtesse-de-parisfranc','',0,1,2,1,NULL,54,15);
INSERT INTO onlineshop_produit VALUES(1001,'Poires−Doyenné d Alençon (I)−CP','poiresdoyenne-d-alencon-icp','',0,1,2,3,NULL,57,15);
INSERT INTO onlineshop_produit VALUES(1002,'Poires−Doyenné d Alençon (I)−Franc','poiresdoyenne-d-alencon-ifranc','',0,1,2,1,NULL,57,15);
INSERT INTO onlineshop_produit VALUES(1003,'Poires−Doyenné d Hiver−CP','poiresdoyenne-d-hivercp','',0,1,2,3,NULL,59,15);
INSERT INTO onlineshop_produit VALUES(1004,'Poires−Doyenné d Hiver−Franc','poiresdoyenne-d-hiverfranc','',0,1,2,1,NULL,59,15);
INSERT INTO onlineshop_produit VALUES(1005,'Poires−Doyenné Defays−CP','poiresdoyenne-defayscp','',0,1,2,3,NULL,58,15);
INSERT INTO onlineshop_produit VALUES(1006,'Poires−Doyenné Defays−Franc','poiresdoyenne-defaysfranc','',0,1,2,1,NULL,58,15);
INSERT INTO onlineshop_produit VALUES(1007,'Poires−Doyenné du Comice−CP','poiresdoyenne-du-comicecp','',0,1,2,3,NULL,60,15);
INSERT INTO onlineshop_produit VALUES(1008,'Poires−Doyenné du Comice−Franc','poiresdoyenne-du-comicefranc','',0,1,2,1,NULL,60,15);
INSERT INTO onlineshop_produit VALUES(1009,'Poires−Doyenné Perrault−CP','poiresdoyenne-perraultcp','',0,1,2,3,NULL,61,15);
INSERT INTO onlineshop_produit VALUES(1010,'Poires−Doyenné Perrault−Franc','poiresdoyenne-perraultfranc','',0,1,2,1,NULL,61,15);
INSERT INTO onlineshop_produit VALUES(1011,'Poires−Duc de Bordeaux−CP','poiresduc-de-bordeauxcp','',0,1,2,3,NULL,62,15);
INSERT INTO onlineshop_produit VALUES(1012,'Poires−Duc de Bordeaux−Franc','poiresduc-de-bordeauxfranc','',0,1,2,1,NULL,62,15);
INSERT INTO onlineshop_produit VALUES(1013,'Poires−Duc de nemours−CP','poiresduc-de-nemourscp','',0,1,2,3,NULL,63,15);
INSERT INTO onlineshop_produit VALUES(1014,'Poires−Duc de nemours−Franc','poiresduc-de-nemoursfranc','',0,1,2,1,NULL,63,15);
INSERT INTO onlineshop_produit VALUES(1015,'Poires−Duchesse d Angoulême−CP','poiresduchesse-d-angoulemecp','',0,1,2,3,NULL,64,15);
INSERT INTO onlineshop_produit VALUES(1016,'Poires−Duchesse d Angoulême−Franc','poiresduchesse-d-angoulemefranc','',0,1,2,1,NULL,64,15);
INSERT INTO onlineshop_produit VALUES(1017,'Poires−Figue d''Alençon (I)−CP','poiresfigue-dalencon-icp','',0,1,2,3,NULL,64,15);
INSERT INTO onlineshop_produit VALUES(1018,'Poires−Figue d''Alençon (I)−Franc','poiresfigue-dalencon-ifranc','',0,1,2,1,NULL,64,15);
INSERT INTO onlineshop_produit VALUES(1019,'Poires−Fondante de la maître école−CP','poiresfondante-de-la-maitre-ecolecp','',0,1,2,3,NULL,67,15);
INSERT INTO onlineshop_produit VALUES(1020,'Poires−Fondante de la maître école−Franc','poiresfondante-de-la-maitre-ecolefranc','',0,1,2,1,NULL,67,15);
INSERT INTO onlineshop_produit VALUES(1021,'Poires−Général Leclerc−CP','poiresgeneral-leclerccp','',0,1,2,3,NULL,69,15);
INSERT INTO onlineshop_produit VALUES(1022,'Poires−Général Leclerc−Franc','poiresgeneral-leclercfranc','',0,1,2,1,NULL,69,15);
INSERT INTO onlineshop_produit VALUES(1023,'Poires−Gorham−CP','poiresgorhamcp','',0,1,2,3,NULL,70,15);
INSERT INTO onlineshop_produit VALUES(1024,'Poires−Gorham−Franc','poiresgorhamfranc','',0,1,2,1,NULL,70,15);
INSERT INTO onlineshop_produit VALUES(1025,'Poires−Grand Champion−CP','poiresgrand-championcp','',0,1,2,3,NULL,71,15);
INSERT INTO onlineshop_produit VALUES(1026,'Poires−Grand Champion−Franc','poiresgrand-championfranc','',0,1,2,1,NULL,71,15);
INSERT INTO onlineshop_produit VALUES(1027,'Poires−Jalousie de fontenay−CP','poiresjalousie-de-fontenaycp','',0,1,2,3,NULL,72,15);
INSERT INTO onlineshop_produit VALUES(1028,'Poires−Jalousie de fontenay−Franc','poiresjalousie-de-fontenayfranc','',0,1,2,1,NULL,72,15);
INSERT INTO onlineshop_produit VALUES(1029,'Poires−Jeanne d Arc−CP','poiresjeanne-d-arccp','',0,1,2,3,NULL,73,15);
INSERT INTO onlineshop_produit VALUES(1030,'Poires−Jeanne d Arc−Franc','poiresjeanne-d-arcfranc','',0,1,2,1,NULL,73,15);
INSERT INTO onlineshop_produit VALUES(1031,'Poires−Jules Guyot−CP','poiresjules-guyotcp','',0,1,2,3,NULL,74,15);
INSERT INTO onlineshop_produit VALUES(1032,'Poires−Jules Guyot−Franc','poiresjules-guyotfranc','',0,1,2,1,NULL,74,15);
INSERT INTO onlineshop_produit VALUES(1033,'Poires−Le Lectier−CP','poiresle-lectiercp','',0,1,2,3,NULL,75,15);
INSERT INTO onlineshop_produit VALUES(1034,'Poires−Le Lectier−Franc','poiresle-lectierfranc','',0,1,2,1,NULL,75,15);
INSERT INTO onlineshop_produit VALUES(1035,'Poires−Louise Bonne d Avranches−CP','poireslouise-bonne-d-avranchescp','',0,1,2,3,NULL,76,15);
INSERT INTO onlineshop_produit VALUES(1036,'Poires−Louise Bonne d Avranches−Franc','poireslouise-bonne-d-avranchesfranc','',0,1,2,1,NULL,76,15);
INSERT INTO onlineshop_produit VALUES(1037,'Poires−Mme Ballet−CP','poiresmme-balletcp','',0,1,2,3,NULL,81,15);
INSERT INTO onlineshop_produit VALUES(1038,'Poires−Mme Ballet−Franc','poiresmme-balletfranc','',0,1,2,1,NULL,81,15);
INSERT INTO onlineshop_produit VALUES(1039,'Poires−Marguerite Marillat−CP','poiresmarguerite-marillatcp','',0,1,2,3,NULL,77,15);
INSERT INTO onlineshop_produit VALUES(1040,'Poires−Marguerite Marillat−Franc','poiresmarguerite-marillatfranc','',0,1,2,1,NULL,77,15);
INSERT INTO onlineshop_produit VALUES(1041,'Poires−Marie Benoist−CP','poiresmarie-benoistcp','',0,1,2,3,NULL,78,15);
INSERT INTO onlineshop_produit VALUES(1042,'Poires−Marie Benoist−Franc','poiresmarie-benoistfranc','',0,1,2,1,NULL,78,15);
INSERT INTO onlineshop_produit VALUES(1043,'Poires−Mariette de Millepieds−CP','poiresmariette-de-millepiedscp','',0,1,2,3,NULL,79,15);
INSERT INTO onlineshop_produit VALUES(1044,'Poires−Mariette de Millepieds−Franc','poiresmariette-de-millepiedsfranc','',0,1,2,1,NULL,79,15);
INSERT INTO onlineshop_produit VALUES(1045,'Poires−Nain vert−CP','poiresnain-vertcp','',0,1,2,3,NULL,83,15);
INSERT INTO onlineshop_produit VALUES(1046,'Poires−Nain vert−Franc','poiresnain-vertfranc','',0,1,2,1,NULL,83,15);
INSERT INTO onlineshop_produit VALUES(1047,'Poires−Olivier de Serres−CP','poiresolivier-de-serrescp','',0,1,2,3,NULL,84,15);
INSERT INTO onlineshop_produit VALUES(1048,'Poires−Olivier de Serres−Franc','poiresolivier-de-serresfranc','',0,1,2,1,NULL,84,15);
INSERT INTO onlineshop_produit VALUES(1049,'Poires−Orange mandarine−CP','poiresorange-mandarinecp','',0,1,2,3,NULL,85,15);
INSERT INTO onlineshop_produit VALUES(1050,'Poires−Orange mandarine−Franc','poiresorange-mandarinefranc','',0,1,2,1,NULL,85,15);
INSERT INTO onlineshop_produit VALUES(1051,'Poires−Passe Colmar−CP','poirespasse-colmarcp','',0,1,2,3,NULL,86,15);
INSERT INTO onlineshop_produit VALUES(1052,'Poires−Passe Colmar−Franc','poirespasse-colmarfranc','',0,1,2,1,NULL,86,15);
INSERT INTO onlineshop_produit VALUES(1053,'Poires−Passe Crassane−CP','poirespasse-crassanecp','',0,1,2,3,NULL,87,15);
INSERT INTO onlineshop_produit VALUES(1054,'Poires−Passe Crassane−Franc','poirespasse-crassanefranc','',0,1,2,1,NULL,87,15);
INSERT INTO onlineshop_produit VALUES(1055,'Poires−Perrotier−CP','poiresperrotiercp','',0,1,2,3,NULL,88,15);
INSERT INTO onlineshop_produit VALUES(1056,'Poires−Perrotier−Franc','poiresperrotierfranc','',0,1,2,1,NULL,88,15);
INSERT INTO onlineshop_produit VALUES(1057,'Poires−Pierre corneille−CP','poirespierre-corneillecp','',0,1,2,3,NULL,89,15);
INSERT INTO onlineshop_produit VALUES(1058,'Poires−Pierre corneille−Franc','poirespierre-corneillefranc','',0,1,2,1,NULL,89,15);
INSERT INTO onlineshop_produit VALUES(1059,'Poires−Poire cloche−CP','poirespoire-clochecp','',0,1,2,3,NULL,92,15);
INSERT INTO onlineshop_produit VALUES(1060,'Poires−Poire cloche−Franc','poirespoire-clochefranc','',0,1,2,1,NULL,92,15);
INSERT INTO onlineshop_produit VALUES(1061,'Poires−Poire Madeleine/citron des carmes−CP','poirespoire-madeleinecitron-des-carmescp','',0,1,2,3,NULL,98,15);
INSERT INTO onlineshop_produit VALUES(1062,'Poires−Poire Madeleine/citron des carmes−Franc','poirespoire-madeleinecitron-des-carmesfranc','',0,1,2,1,NULL,98,15);
INSERT INTO onlineshop_produit VALUES(1063,'Poires−Poiriou−CP','poirespoirioucp','',0,1,2,3,NULL,100,15);
INSERT INTO onlineshop_produit VALUES(1064,'Poires−Poiriou−Franc','poirespoirioufranc','',0,1,2,1,NULL,100,15);
INSERT INTO onlineshop_produit VALUES(1065,'Poires−Précoce de trévoux−CP','poiresprecoce-de-trevouxcp','',0,1,2,3,NULL,101,15);
INSERT INTO onlineshop_produit VALUES(1066,'Poires−Précoce de trévoux−Franc','poiresprecoce-de-trevouxfranc','',0,1,2,1,NULL,101,15);
INSERT INTO onlineshop_produit VALUES(1067,'Poires−Président drouard−CP','poirespresident-drouardcp','',0,1,2,3,NULL,102,15);
INSERT INTO onlineshop_produit VALUES(1068,'Poires−Président drouard−Franc','poirespresident-drouardfranc','',0,1,2,1,NULL,102,15);
INSERT INTO onlineshop_produit VALUES(1069,'Poires−President Heron−CP','poirespresident-heroncp','',0,1,2,3,NULL,103,15);
INSERT INTO onlineshop_produit VALUES(1070,'Poires−President Heron−Franc','poirespresident-heronfranc','',0,1,2,1,NULL,103,15);
INSERT INTO onlineshop_produit VALUES(1071,'Poires−Seckle−CP','poiressecklecp','',0,1,2,3,NULL,104,15);
INSERT INTO onlineshop_produit VALUES(1072,'Poires−Seckle−Franc','poiressecklefranc','',0,1,2,1,NULL,104,15);
INSERT INTO onlineshop_produit VALUES(1073,'Poires−Soeur Grégoire−CP','poiressoeur-gregoirecp','',0,1,2,3,NULL,105,15);
INSERT INTO onlineshop_produit VALUES(1074,'Poires−Soeur Grégoire−Franc','poiressoeur-gregoirefranc','',0,1,2,1,NULL,105,15);
INSERT INTO onlineshop_produit VALUES(1075,'Poires−Soldat laboureur−CP','poiressoldat-laboureurcp','',0,1,2,3,NULL,106,15);
INSERT INTO onlineshop_produit VALUES(1076,'Poires−Soldat laboureur−Franc','poiressoldat-laboureurfranc','',0,1,2,1,NULL,106,15);
INSERT INTO onlineshop_produit VALUES(1077,'Poires−Sucré de montluçon−CP','poiressucre-de-montluconcp','',0,1,2,3,NULL,107,15);
INSERT INTO onlineshop_produit VALUES(1078,'Poires−Sucré de montluçon−Franc','poiressucre-de-montluconfranc','',0,1,2,1,NULL,107,15);
INSERT INTO onlineshop_produit VALUES(1079,'Poires−Super comice−CP','poiressuper-comicecp','',0,1,2,3,NULL,108,15);
INSERT INTO onlineshop_produit VALUES(1080,'Poires−Super comice−Franc','poiressuper-comicefranc','',0,1,2,1,NULL,108,15);
INSERT INTO onlineshop_produit VALUES(1081,'Poires−Suprême de quimper−CP','poiressupreme-de-quimpercp','',0,1,2,3,NULL,109,15);
INSERT INTO onlineshop_produit VALUES(1082,'Poires−Suprême de quimper−Franc','poiressupreme-de-quimperfranc','',0,1,2,1,NULL,109,15);
INSERT INTO onlineshop_produit VALUES(1083,'Poires−Triomphe de jodoigne−CP','poirestriomphe-de-jodoignecp','',0,1,2,3,NULL,110,15);
INSERT INTO onlineshop_produit VALUES(1084,'Poires−Triomphe de jodoigne−Franc','poirestriomphe-de-jodoignefranc','',0,1,2,1,NULL,110,15);
INSERT INTO onlineshop_produit VALUES(1085,'Poires−Triomphe de Trélazé−CP','poirestriomphe-de-trelazecp','',0,1,2,3,NULL,111,15);
INSERT INTO onlineshop_produit VALUES(1086,'Poires−Triomphe de Trélazé−Franc','poirestriomphe-de-trelazefranc','',0,1,2,1,NULL,111,15);
INSERT INTO onlineshop_produit VALUES(1087,'Poires−Triomphe de vienne−CP','poirestriomphe-de-viennecp','',0,1,2,3,NULL,112,15);
INSERT INTO onlineshop_produit VALUES(1088,'Poires−Triomphe de vienne−Franc','poirestriomphe-de-viennefranc','',0,1,2,1,NULL,112,15);
INSERT INTO onlineshop_produit VALUES(1089,'Poires−Verte longue d Angers−CP','poiresverte-longue-d-angerscp','',0,1,2,3,NULL,113,15);
INSERT INTO onlineshop_produit VALUES(1090,'Poires−Verte longue d Angers−Franc','poiresverte-longue-d-angersfranc','',0,1,2,1,NULL,113,15);
INSERT INTO onlineshop_produit VALUES(1091,'Poires−Virginie Baltet−CP','poiresvirginie-baltetcp','',0,1,2,3,NULL,114,15);
INSERT INTO onlineshop_produit VALUES(1092,'Poires−Virginie Baltet−Franc','poiresvirginie-baltetfranc','',0,1,2,1,NULL,114,15);
INSERT INTO onlineshop_produit VALUES(1093,'Poires−William faure−CP','poireswilliam-faurecp','',0,1,2,3,NULL,115,15);
INSERT INTO onlineshop_produit VALUES(1094,'Poires−William faure−Franc','poireswilliam-faurefranc','',0,1,2,1,NULL,115,15);
INSERT INTO onlineshop_produit VALUES(1095,'Poires−William jaune−CP','poireswilliam-jaunecp','',0,1,2,3,NULL,116,15);
INSERT INTO onlineshop_produit VALUES(1096,'Poires−William jaune−Franc','poireswilliam-jaunefranc','',0,1,2,1,NULL,116,15);
INSERT INTO onlineshop_produit VALUES(1097,'Poires−William précoce−CP','poireswilliam-precocecp','',0,1,2,3,NULL,117,15);
INSERT INTO onlineshop_produit VALUES(1098,'Poires−William précoce−Franc','poireswilliam-precocefranc','',0,1,2,1,NULL,117,15);
INSERT INTO onlineshop_produit VALUES(1099,'Poires−William rouge−CP','poireswilliam-rougecp','',0,1,2,3,NULL,118,15);
INSERT INTO onlineshop_produit VALUES(1100,'Poires−William rouge−Franc','poireswilliam-rougefranc','',0,1,2,1,NULL,118,15);
INSERT INTO onlineshop_produit VALUES(1101,'Poires−Xenia Novembra−CP','poiresxenia-novembracp','',0,1,2,3,NULL,119,15);
INSERT INTO onlineshop_produit VALUES(1102,'Poires−Xenia Novembra−Franc','poiresxenia-novembrafranc','',0,1,2,1,NULL,119,15);
INSERT INTO onlineshop_produit VALUES(1103,'Poires−De dames−CP','poiresde-damescp','',0,1,2,3,NULL,56,15);
INSERT INTO onlineshop_produit VALUES(1104,'Poires−De dames−Franc','poiresde-damesfranc','',0,1,2,1,NULL,56,15);
INSERT INTO onlineshop_produit VALUES(1105,'Poires−Franc roux−CP','poiresfranc-rouxcp','',0,1,2,3,NULL,68,15);
INSERT INTO onlineshop_produit VALUES(1106,'Poires−Franc roux−Franc','poiresfranc-rouxfranc','',0,1,2,1,NULL,68,15);
INSERT INTO onlineshop_produit VALUES(1107,'Poires−Martin sec−CP','poiresmartin-seccp','',0,1,2,3,NULL,80,15);
INSERT INTO onlineshop_produit VALUES(1108,'Poires−Martin sec−Franc','poiresmartin-secfranc','',0,1,2,1,NULL,80,15);
INSERT INTO onlineshop_produit VALUES(1109,'Poires−Poire Curé−CP','poirespoire-curecp','',0,1,2,3,NULL,93,15);
INSERT INTO onlineshop_produit VALUES(1110,'Poires−Poire Curé−Franc','poirespoire-curefranc','',0,1,2,1,NULL,93,15);
INSERT INTO onlineshop_produit VALUES(1111,'Poires−Poire de fise−CP','poirespoire-de-fisecp','',0,1,2,3,NULL,94,15);
INSERT INTO onlineshop_produit VALUES(1112,'Poires−Poire de fise−Franc','poirespoire-de-fisefranc','',0,1,2,1,NULL,94,15);
INSERT INTO onlineshop_produit VALUES(1113,'Poires−Poire de toupe−CP','poirespoire-de-toupecp','',0,1,2,3,NULL,96,15);
INSERT INTO onlineshop_produit VALUES(1114,'Poires−Poire de toupe−Franc','poirespoire-de-toupefranc','',0,1,2,1,NULL,96,15);
INSERT INTO onlineshop_produit VALUES(1115,'Poires−Poire monsieur−CP','poirespoire-monsieurcp','',0,1,2,3,NULL,99,15);
INSERT INTO onlineshop_produit VALUES(1116,'Poires−Poire monsieur−Franc','poirespoire-monsieurfranc','',0,1,2,1,NULL,99,15);
INSERT INTO onlineshop_produit VALUES(1117,'Poires−Poire de robion−CP','poirespoire-de-robioncp','',0,1,2,3,NULL,95,15);
INSERT INTO onlineshop_produit VALUES(1118,'Poires−Poire de robion−Franc','poirespoire-de-robionfranc','',0,1,2,1,NULL,95,15);
INSERT INTO onlineshop_produit VALUES(1119,'Poires−Champagne−CP','poireschampagnecp','',0,1,2,3,NULL,52,15);
INSERT INTO onlineshop_produit VALUES(1120,'Poires−Champagne−Franc','poireschampagnefranc','',0,1,2,1,NULL,52,15);
INSERT INTO onlineshop_produit VALUES(1121,'Poires−Antricotin−CP','poiresantricotincp','',50,1,2,3,NULL,33,15);
INSERT INTO onlineshop_produit VALUES(1122,'Poires−Antricotin−Franc','poiresantricotinfranc','',0,1,2,1,NULL,33,15);
INSERT INTO onlineshop_produit VALUES(1123,'Poires−Fausset−CP','poiresfaussetcp','',0,1,2,3,NULL,65,15);
INSERT INTO onlineshop_produit VALUES(1124,'Poires−Fausset−Franc','poiresfaussetfranc','',0,1,2,1,NULL,65,15);
INSERT INTO onlineshop_produit VALUES(1125,'Poires−Moque friand (morfriand)−CP','poiresmoque-friand-morfriandcp','',0,1,2,3,NULL,82,15);
INSERT INTO onlineshop_produit VALUES(1126,'Poires−Moque friand (morfriand)−Franc','poiresmoque-friand-morfriandfranc','',0,1,2,1,NULL,82,15);
INSERT INTO onlineshop_produit VALUES(1127,'Poires−Plant de blanc−CP','poiresplant-de-blanccp','',0,1,2,3,NULL,90,15);
INSERT INTO onlineshop_produit VALUES(1128,'Poires−Plant de blanc−Franc','poiresplant-de-blancfranc','',0,1,2,1,NULL,90,15);
INSERT INTO onlineshop_produit VALUES(1129,'Poires−Poiré Gasnier−CP','poirespoire-gasniercp','',0,1,2,3,NULL,97,15);
INSERT INTO onlineshop_produit VALUES(1130,'Poires−Poiré Gasnier−Franc','poirespoire-gasnierfranc','',0,1,2,1,NULL,97,15);
INSERT INTO onlineshop_produit VALUES(1131,'Poires−Poiré bois robert−CP','poirespoire-bois-robertcp','',0,1,2,3,NULL,91,15);
INSERT INTO onlineshop_produit VALUES(1132,'Poires−Poiré bois robert−Franc','poirespoire-bois-robertfranc','',0,1,2,1,NULL,91,15);
INSERT INTO onlineshop_produit VALUES(1133,'Poires−Hosui−CP','poireshosuicp','',0,1,2,3,NULL,351,15);
INSERT INTO onlineshop_produit VALUES(1134,'Poires−Hosui−Franc','poireshosuifranc','',0,1,2,1,NULL,351,15);
INSERT INTO onlineshop_produit VALUES(1135,'Poires−Niitaki−CP','poiresniitakicp','',0,1,2,3,NULL,352,15);
INSERT INTO onlineshop_produit VALUES(1136,'Poires−Niitaki−Franc','poiresniitakifranc','',0,1,2,1,NULL,352,15);
INSERT INTO onlineshop_produit VALUES(1137,'Poires−Nottingham−CP','poiresnottinghamcp','',0,1,2,3,NULL,354,15);
INSERT INTO onlineshop_produit VALUES(1138,'Poires−Nottingham−Franc','poiresnottinghamfranc','',0,1,2,1,NULL,354,15);
INSERT INTO onlineshop_produit VALUES(1139,'Poires−Gros d−CP','poiresgros-dcp','',0,1,2,3,NULL,353,15);
INSERT INTO onlineshop_produit VALUES(1140,'Poires−Gros d−Franc','poiresgros-dfranc','',0,1,2,1,NULL,353,15);
INSERT INTO onlineshop_produit VALUES(1141,'Poires−Geant de vranja−CP','poiresgeant-de-vranjacp','',0,1,2,3,NULL,350,15);
INSERT INTO onlineshop_produit VALUES(1142,'Poires−Geant de vranja−Franc','poiresgeant-de-vranjafranc','',0,1,2,1,NULL,350,15);
INSERT INTO onlineshop_produit VALUES(1143,'Poires−Champion−CP','poireschampioncp','',0,1,2,3,NULL,348,15);
INSERT INTO onlineshop_produit VALUES(1144,'Poires−Champion−Franc','poireschampionfranc','',0,1,2,1,NULL,348,15);
INSERT INTO onlineshop_produit VALUES(1145,'Nashi−Hosui−Franc','nashihosuifranc','',0,1,10,1,NULL,351,15);
INSERT INTO onlineshop_produit VALUES(1146,'Poires−Arromatnaya−Franc','poiresarromatnayafranc','',20,1,2,1,NULL,347,15);
INSERT INTO onlineshop_produit VALUES(1147,'Poires−Portugais−CP','poiresportugaiscp','',0,1,2,3,NULL,349,15);
INSERT INTO onlineshop_produit VALUES(1148,'Poires−Portugais−Franc','poiresportugaisfranc','',0,1,2,1,NULL,349,15);
INSERT INTO onlineshop_produit VALUES(1151,'Poires−Figue d''Alençon (I)−CP','poiresfigue-dalencon-icp','',0,1,2,3,NULL,66,15);
INSERT INTO onlineshop_produit VALUES(1152,'Poires−Figue d''Alençon (I)−Franc','poiresfigue-dalencon-ifranc','',0,1,2,1,NULL,66,15);
CREATE TABLE IF NOT EXISTS order_client (id INT NOT NULL PRIMARY KEY AUTO_INCREMENT, nom VARCHAR(250) NOT NULL, prenom VARCHAR(250) NOT NULL, adresse text NOT NULL, cp VARCHAR(5) NOT NULL, ville VARCHAR(250) NOT NULL, tel VARCHAR(20) NOT NULL, mail VARCHAR(250) NOT NULL, commentaire text NOT NULL, remise decimal NOT NULL, user_id INT NULL REFERENCES auth_user (id)ON DELETE CASCADE);
INSERT INTO order_client VALUES(1,'HENRY','Cyril','23 bis rue du colonel Moll','93330','NEUILLY SUR MARNE','0647820602','cyril.henry@gmail.com','',5,1);
INSERT INTO order_client VALUES(2,'MARTIN','John','Ailleurs','27000','CRAON','1234567890','martin.john@test.com','',0,2);
INSERT INTO order_client VALUES(3,'HENRY','Nicolas','Pas d''adresse','23000','AGENS','0000000000','nico@gmail.com','',0,3);
INSERT INTO order_client VALUES(4,'HENRY','Sandrine','Adresse bidon','33420','BOR','0012345678','ezazaeza@seferf.com','',3,NULL);
CREATE TABLE IF NOT EXISTS order_frais (id INT NOT NULL PRIMARY KEY AUTO_INCREMENT, nom VARCHAR(250) NOT NULL, prix decimal NOT NULL, tva decimal NOT NULL);
INSERT INTO order_frais VALUES(1,'Transport',45,20);
INSERT INTO order_frais VALUES(2,'Emballage',20,10);
INSERT INTO order_frais VALUES(3,'Aucun frais',0,0);
CREATE TABLE IF NOT EXISTS order_commande (id INT NOT NULL PRIMARY KEY AUTO_INCREMENT, date datetime NOT NULL, remise decimal NOT NULL, total decimal NOT NULL, client_id bigint NOT NULL REFERENCES order_client (id)ON DELETE CASCADE, statut_id bigint NOT NULL REFERENCES order_statut (id)ON DELETE CASCADE, date_update datetime NOT NULL, tva decimal NOT NULL, frais_id bigint NULL REFERENCES order_frais (id)ON DELETE CASCADE);
INSERT INTO order_commande VALUES(1,'2021-05-28 14:19:33.747902',0,270,1,2,'2021-06-01 14:27:04.615078',10,NULL);
INSERT INTO order_commande VALUES(2,'2021-05-28 15:33:34.225921',0,165,2,3,'2021-06-01 14:27:04.615078',10,NULL);
INSERT INTO order_commande VALUES(3,'2021-05-28 15:34:12.612999',0,165,2,2,'2021-06-01 14:27:04.615078',10,NULL);
INSERT INTO order_commande VALUES(4,'2021-06-02 07:48:35.854678',0,645,3,4,'2021-06-02 07:52:00.557384',10,NULL);
INSERT INTO order_commande VALUES(5,'2021-06-02 08:59:12.579028',0,225,3,2,'2021-06-02 08:59:12.585435',10,NULL);
INSERT INTO order_commande VALUES(6,'2021-06-02 15:05:28.222640',0,600,1,2,'2021-06-02 15:05:28.229957',10,NULL);
INSERT INTO order_commande VALUES(7,'2021-06-02 15:13:49.874770',0,30,4,2,'2021-06-02 15:13:49.880550',10,NULL);
INSERT INTO order_commande VALUES(8,'2021-06-02 15:18:21.963198',0,45,2,2,'2021-06-02 15:18:21.970310',10,NULL);
INSERT INTO order_commande VALUES(9,'2021-06-02 20:05:37.540094',10,270,1,4,'2021-06-03 20:34:07.059448',10,3);
INSERT INTO order_commande VALUES(10,'2021-06-03 14:55:21.425477',5,600,1,4,'2021-06-03 19:12:49.001518',10,1);
DELETE FROM sqlite_sequence;
INSERT INTO sqlite_sequence VALUES('django_migrations',33);
INSERT INTO sqlite_sequence VALUES('django_admin_log',247);
INSERT INTO sqlite_sequence VALUES('django_content_type',16);
INSERT INTO sqlite_sequence VALUES('auth_permission',68);
INSERT INTO sqlite_sequence VALUES('auth_group',2);
INSERT INTO sqlite_sequence VALUES('auth_group_permissions',65);
INSERT INTO sqlite_sequence VALUES('auth_user',3);
INSERT INTO sqlite_sequence VALUES('onlineshop_espece',14);
INSERT INTO sqlite_sequence VALUES('onlineshop_portegreffe',12);
INSERT INTO sqlite_sequence VALUES('onlineshop_spec',1);
INSERT INTO sqlite_sequence VALUES('onlineshop_variete',354);
INSERT INTO sqlite_sequence VALUES('order_cartdb',84);
INSERT INTO sqlite_sequence VALUES('auth_user_groups',1);
INSERT INTO sqlite_sequence VALUES('order_statut',4);
INSERT INTO sqlite_sequence VALUES('onlineshop_produit',1152);
INSERT INTO sqlite_sequence VALUES('order_client',4);
INSERT INTO sqlite_sequence VALUES('order_frais',3);
INSERT INTO sqlite_sequence VALUES('order_commande',10);
CREATE UNIQUE INDEX auth_group_permissions_group_id_permission_id_0cd325b0_uniq ON auth_group_permissions (group_id, permission_id);
CREATE INDEX auth_group_permissions_group_id_b120cbf9 ON auth_group_permissions (group_id);
CREATE INDEX auth_group_permissions_permission_id_84c5c92e ON auth_group_permissions (permission_id);
CREATE UNIQUE INDEX auth_user_groups_user_id_group_id_94350c0c_uniq ON auth_user_groups (user_id, group_id);
CREATE INDEX auth_user_groups_user_id_6a12ed8b ON auth_user_groups (user_id);
CREATE INDEX auth_user_groups_group_id_97559544 ON auth_user_groups (group_id);
CREATE UNIQUE INDEX auth_user_user_permissions_user_id_permission_id_14a6b632_uniq ON auth_user_user_permissions (user_id, permission_id);
CREATE INDEX auth_user_user_permissions_user_id_a95ead1b ON auth_user_user_permissions (user_id);
CREATE INDEX auth_user_user_permissions_permission_id_1fbb5f2c ON auth_user_user_permissions (permission_id);
CREATE INDEX django_admin_log_content_type_id_c4bce8eb ON django_admin_log (content_type_id);
CREATE INDEX django_admin_log_user_id_c564eba6 ON django_admin_log (user_id);
CREATE UNIQUE INDEX django_content_type_app_label_model_76bd3d3b_uniq ON django_content_type (app_label, model);
CREATE UNIQUE INDEX auth_permission_content_type_id_codename_01ab375a_uniq ON auth_permission (content_type_id, codename);
CREATE INDEX auth_permission_content_type_id_2f476e4b ON auth_permission (content_type_id);
CREATE INDEX django_session_expire_date_a5c62663 ON django_session (expire_date);
CREATE INDEX onlineshop_espece_nom_56962eb9 ON onlineshop_espece (nom);
CREATE INDEX onlineshop_portegreffe_nom_f614c6c8 ON onlineshop_portegreffe (nom);
CREATE INDEX onlineshop_spec_nom_c94017c6 ON onlineshop_spec (nom);
CREATE INDEX onlineshop_variete_nom_47059d37 ON onlineshop_variete (nom);
CREATE INDEX order_cartdb_commande_id_3a316c9d ON order_cartdb (commande_id);
CREATE INDEX order_cartdb_produit_id_b289ca78 ON order_cartdb (produit_id);
CREATE INDEX onlineshop_produit_nom_dba57393 ON onlineshop_produit (nom);
CREATE INDEX onlineshop_produit_slug_cb76a123 ON onlineshop_produit (slug);
CREATE INDEX onlineshop_produit_espece_id_7fa1582d ON onlineshop_produit (espece_id);
CREATE INDEX onlineshop_produit_portegreffe_id_57b70f98 ON onlineshop_produit (portegreffe_id);
CREATE INDEX onlineshop_produit_spec_id_93057bc1 ON onlineshop_produit (spec_id);
CREATE INDEX onlineshop_produit_variete_id_398accec ON onlineshop_produit (variete_id);
CREATE INDEX onlineshop_produit_id_slug_9603dd72_idx ON onlineshop_produit (id, slug);
CREATE INDEX order_client_nom_6207a52f ON order_client (nom);
CREATE INDEX order_client_prenom_51fa14f9 ON order_client (prenom);
CREATE INDEX order_client_user_id_1c9de3c2 ON order_client (user_id);
CREATE INDEX order_frais_nom_499c1b7c ON order_frais (nom);
CREATE INDEX order_commande_client_id_ba860c8c ON order_commande (client_id);
CREATE INDEX order_commande_statut_id_505acb75 ON order_commande (statut_id);
CREATE INDEX order_commande_frais_id_5ded4b2e ON order_commande (frais_id);
COMMIT;
